method_key,n_results,n_images,macro_precision,macro_recall,macro_iou,macro_boundary_f1,pixel_accuracy,weighted_iou
hsv | Quarter Resize Mean Shift | Post Processed Img03.jpg-meanshift-0.8,1,1,0.9912028421586871,0.9909646061814557,0.9823250150012354,0.7869686855415522,0.9870272860927066,0.9823250150012354
hsv | KMeans | Postprocessed Img03.jpg-segment of 5,1,1,0.9893410334563214,0.9881961259079904,0.9777859986611704,0.725985609108069,0.9836659088995536,0.9777859986611704
lab | Quarter Resize Mean Shift | Post Processed Img03.jpg-meanshift-0.8,1,1,0.9907746598715618,0.9847154963680388,0.975768749007639,0.7115615637868796,0.9822086644516552,0.9757687490076388
xy_lab | Quarter Resize Mean Shift | Post Processed Img03.jpg-meanshift-0.8,1,1,0.9769809300652046,0.991009115510611,0.9683974286484748,0.6511367795461879,0.9764703596479296,0.9683974286484748
xy_hsv | Quarter Resize Mean Shift | Post Processed Img10-meanshift-0.8,1,1,0.9914857518891964,0.9753545109252566,0.9672530668873528,0.5452123751959573,0.9809083733181968,0.9672530668873528
xy_lab | Quarter Resize Mean Shift | Post Processed Img10-meanshift-0.8,1,1,0.9892578762619276,0.9761736750710248,0.9659347231456268,0.4813263687469717,0.9800959636721626,0.9659347231456268
xy_rgb | Quarter Resize Mean Shift | Post Processed Img03.jpg-meanshift-1.5,1,1,0.9890005689360896,0.9748878364905283,0.9644310196030084,0.6195157036681852,0.9738408429997216,0.9644310196030084
hsv | Half Resize PCA 95 Mean Shift | Post Processed Img07.png-meanshift-1.5,1,1,0.9778006744098914,0.97865625,0.957384366115374,0.8473353895256946,0.9887978142076502,0.957384366115374
xy_hsv | Quarter Resize Mean Shift | Post Processed Img03.jpg-meanshift-0.8,1,1,0.9594579536980689,0.996465959265062,0.956204192506791,0.4935105159087462,0.9667942565138828,0.956204192506791
lab | Half Resize PCA 95 Mean Shift | Post Processed Img07.png-meanshift-1.5,1,1,0.9834556497532584,0.97153125,0.9559081265565909,0.8449064259784728,0.98847637415622,0.9559081265565909
xy_lab | KMeans | Postprocessed Img03.jpg-segment of 5,1,1,0.9956135490543736,0.9597368608460334,0.9556958098057814,0.481331308344064,0.967629743330678,0.9556958098057814
hsv | Half Resize PCA 95 Mean Shift | Post Processed Img07.png-meanshift-0.8,1,1,0.9767078806044712,0.9775625,0.9552922494350456,0.8269650342967481,0.9882352941176472,0.9552922494350456
lab | Half Resize PCA 95 Mean Shift | Post Processed Img07.png-meanshift-0.8,1,1,0.9839702894870492,0.96871875,0.9536686663590216,0.8129391066349279,0.9878977820636452,0.9536686663590216
xy_hsv | Half Resize PCA 95 Mean Shift | Post Processed Img07.png-meanshift-0.8,1,1,0.9750312109862672,0.97625,0.952439024390244,0.8242224485513514,0.987463837994214,0.952439024390244
lab | KMeans | Postprocessed Img03.jpg-segment of 5,1,1,0.994181528898098,0.9567280301951288,0.951400876377639,0.3476141379578558,0.9644432354712728,0.951400876377639
xy_hsv | Half Resize PCA 95 Mean Shift | Post Processed Img07.png-meanshift-1.5,1,1,0.9845903522205208,0.96440625,0.950066188467814,0.7774175336127422,0.986965605914497,0.950066188467814
xy_lab | Half Resize PCA 95 Mean Shift | Post Processed Img07.png-meanshift-0.8,1,1,0.9763819095477388,0.9715,0.9491939423546654,0.7702267788737969,0.986628093860495,0.9491939423546654
lab_texture_glcm | KMeans | Postprocessed Img07.png-segment of 4,1,1,0.9898618106676998,0.9580625,0.948752862536362,0.7043793238933679,0.9866923818707812,0.948752862536362
xy_hsv | Quarter Resize Mean Shift | Post Processed Img03.jpg-meanshift-1.5,1,1,0.99095494066773,0.95673693206096,0.94845433606608,0.500783675323692,0.9621699341325508,0.94845433606608
LAB_XY | Sampled Mean Shift | Post Processed Img08-epanechnikov-0.5,1,1,0.9736225160498976,0.971485521471431,0.9469637810458952,0.875061640991403,0.9784268465909092,0.9605732852864156
xy_rgb | Quarter Resize Mean Shift | Post Processed Img10-meanshift-0.8,1,1,0.9870022237616684,0.9572930153217444,0.9453751086953228,0.3879215140128269,0.9680197958332964,0.9453751086953228
xy_lab | KMeans | Postprocessed Img07.png-segment of 4,1,1,0.9856751088885304,0.95471875,0.9416533103193194,0.7080260972931771,0.984787849566056,0.9416533103193194
rgb | KMeans | Postprocessed Img03.jpg-segment of 5,1,1,0.9615472728874792,0.971425010682239,0.9350985432733504,0.2969904717393916,0.950945913562736,0.9350985432733504
xy_rgb | Quarter Resize Mean Shift | Post Processed Img03.jpg-meanshift-0.8,1,1,0.9489535871495868,0.9844751459905996,0.93496216764594,0.4828247432893817,0.9501751931658474,0.93496216764594
xy_lab | Half Resize PCA 95 Mean Shift | Post Processed Img07.png-meanshift-1.5,1,1,0.9852702087533328,0.94690625,0.933688719070656,0.6970503468426387,0.982706525233044,0.933688719070656
xy_lab_texture_glcm | KMeans | Postprocessed Img07.png-segment of 4,1,1,0.9927036349164234,0.935375,0.928988206083178,0.6277966331602909,0.9816136290581806,0.9289882060831782
xy_lab | Sampled Mean Shift | Post Processed Img09-meanshift-0.8,1,1,0.965894125834738,0.960357628372886,0.9284714942014882,0.7432424442731834,0.9662543402777778,0.9291789206453656
hsv_texture_glcm | KMeans | Postprocessed Img07.png-segment of 4,1,1,0.9893139841688654,0.937375,0.9279792104937508,0.6391812525440485,0.9812921890067502,0.9279792104937508
xy_hsv | KMeans | Postprocessed Img03.jpg-segment of 5,1,1,0.9929839511433036,0.9335742771684944,0.9274565119343456,0.4149583562036131,0.9468721057506104,0.9274565119343456
xy_hsv_texture_glcm | KMeans | Postprocessed Img07.png-segment of 4,1,1,0.9854450090149156,0.93940625,0.9265503637036124,0.613307189825698,0.9808502089360336,0.9265503637036124
LAB_only | Sampled Mean Shift | Post Processed Img08-epanechnikov-0.2,1,1,0.955241860507034,0.9612203586628668,0.922267023503962,0.7373577609679915,0.9761876578282828,0.9547779709848436
lab | KMeans | Postprocessed Img07.png-segment of 4,1,1,0.9860455910005608,0.9340625,0.9218764457329672,0.6235039161120369,0.9796448087431694,0.9218764457329672
xy_rgb_texture_glcm | Half Resize PCA 95 Mean Shift | Post Processed Img07.png-meanshift-1.5,1,1,0.9788246025540788,0.9389375,0.9202450229709036,0.5369946605644546,0.9790742526518804,0.9202450229709036
xy_lab_texture_glcm | Half Resize PCA 95 Mean Shift | Post Processed Img07.png-meanshift-0.8,1,1,0.9588736453047672,0.95665625,0.9189505598415032,0.6151441329205264,0.9783027965284474,0.9189505598415032
xy_hsv_texture_glcm | Half Resize PCA 95 Mean Shift | Post Processed Img07.png-meanshift-0.8,1,1,0.9300029559562518,0.9831875,0.9154445996275604,0.5856432776285263,0.9766473802635808,0.9154445996275604
lab | Sampled Mean Shift | Post Processed Img05.jpg-meanshift-0.8,1,1,0.9517398258397014,0.9574758874346504,0.9141042216954146,0.8552974975636494,0.98796041726633,0.924808336700944
lab_texture_glcm | Half Resize PCA 95 Mean Shift | Post Processed Img07.png-meanshift-1.5,1,1,0.9823599365750528,0.9293125,0.9140591381324152,0.5655344102788249,0.9775313404050144,0.9140591381324152
hsv | KMeans | Postprocessed Img07.png-segment of 4,1,1,0.9869475230337827,0.92390625,0.9127535426507364,0.6418214869104483,0.9772902603664416,0.9127535426507364
hsv_texture_glcm | Half Resize PCA 95 Mean Shift | Post Processed Img07.png-meanshift-1.5,1,1,0.9762606417812704,0.93171875,0.9110771581359816,0.5625370608670239,0.9766152362584378,0.9110771581359816
lab_texture | Quarter Resize Mean Shift | Post Processed Img10-meanshift-1.5,1,1,0.95276455286149,0.952887323511545,0.909902150348626,0.278641089122885,0.9454479339429362,0.909902150348626
LAB_only | Sampled Mean Shift | Post Processed Img08-gaussian-0.2,1,1,0.9610668289065868,0.939339193190754,0.9067346211302224,0.7289751871858223,0.9702690972222222,0.9427335979661724
xy_rgb_texture_glcm | Half Resize PCA 95 Mean Shift | Post Processed Img07.png-meanshift-0.8,1,1,0.972316642698392,0.92965625,0.905683928517064,0.5807092722515869,0.9751044680167148,0.905683928517064
xy_lab_texture_glcm | Half Resize PCA 95 Mean Shift | Post Processed Img07.png-meanshift-1.5,1,1,0.9924123851650222,0.91146875,0.9051609099090712,0.5174205635122144,0.9754419800707168,0.9051609099090712
lab | KMeans | Postprocessed Img10-segment of 5,1,1,0.9921271454282812,0.9081922550637844,0.901693923988169,0.4422338541173462,0.9427535010775958,0.901693923988169
xy_rgb_texture_leung_malik | KMeans | Postprocessed Img03.jpg-segment of 5,1,1,0.9888077012294132,0.9107142857142856,0.9014221016088956,0.3022449844044823,0.9275393294084884,0.9014221016088956
xy_hsv_texture_glcm | Half Resize PCA 95 Mean Shift | Post Processed Img07.png-meanshift-1.5,1,1,0.9822664069322228,0.9139375,0.8991023118544024,0.4553159371716607,0.9736258437801352,0.8991023118544024
HSV_XY | Sampled Mean Shift | Post Processed Img08-epanechnikov-0.5,1,1,0.9388284804667596,0.9484358671334414,0.8978104792132878,0.7444869675908908,0.969854797979798,0.9427531775227204
xy_lab | Sampled Mean Shift | Post Processed Img05.jpg-meanshift-0.8,1,1,0.9360418564568092,0.9540849506700676,0.8957679779020797,0.7683015942362323,0.985687486972834,0.9077357914613708
xy_hsv | Sampled Mean Shift | Post Processed Img09-meanshift-0.8,1,1,0.9455124348779058,0.9403018828656692,0.8924133467857246,0.6630947533152423,0.9502150410353536,0.8954048225275034
hsv | Quarter Resize Mean Shift | Post Processed Img10-meanshift-0.8,1,1,0.9916139647630784,0.8986107957857533,0.8918332983170888,0.395648990303069,0.9369868116469032,0.8918332983170888
RGB_XY | Sampled Mean Shift | Post Processed Img08-epanechnikov-0.5,1,1,0.9240536365576348,0.9618978950752562,0.8917913816084615,0.7378977421314978,0.9675268308080808,0.9401461826434664
xy_rgb | KMeans | Postprocessed Img03.jpg-segment of 5,1,1,0.9794533694170936,0.9085333285856716,0.891541532360212,0.3916994086936431,0.9195860130439568,0.891541532360212
xy_lab | Quarter Resize Mean Shift | Post Processed Img10-meanshift-1.5,1,1,0.8960929787545868,0.9942106264304692,0.8914414141803156,0.5038338324181736,0.9299997339269718,0.8914414141803157
xy_hsv | Half Resize PCA 95 Mean Shift | Post Processed Img01-meanshift-0.8,1,1,0.9413212464338232,0.9414994817542932,0.89015607942831,0.7011488609137884,0.9709781672398496,0.9149082952364244
lab_texture | KMeans | Postprocessed Img10-segment of 5,1,1,0.9737636071191073,0.9119843407722846,0.8901126213127075,0.2890056275373006,0.9349061205665582,0.8901126213127075
xy_lab | KMeans | Postprocessed Img10-segment of 5,1,1,0.8905644354960212,0.9974320584643892,0.8885272156811299,0.4638256076744829,0.9276511959982616,0.8885272156811298
lab | Quarter Resize Mean Shift | Post Processed Img10-meanshift-0.8,1,1,0.9948709690682088,0.890867086782311,0.8867941815116709,0.4355395151843527,0.9342480332768668,0.8867941815116709
rgb | Quarter Resize Mean Shift | Post Processed Img10-meanshift-0.8,1,1,0.9836765495036224,0.8998318719281344,0.8865931700769931,0.3486357736625489,0.933453361832711,0.8865931700769931
hsv_texture | KMeans | Postprocessed Img10-segment of 5,1,1,0.9726772903391184,0.9080603297519192,0.8854740079460055,0.2741388726087841,0.9320963893890076,0.8854740079460056
xy_hsv_texture | KMeans | Postprocessed Img10-segment of 5,1,1,0.9798790000634732,0.8999024366298298,0.8835750756856897,0.2586420856813668,0.9314436235598798,0.8835750756856896
xy_lab_texture | KMeans | Postprocessed Img10-segment of 5,1,1,0.9783759826448016,0.9007553491111916,0.8831727486305428,0.2791172260418729,0.9311101453645644,0.8831727486305428
xy_hsv | Sampled Mean Shift | Post Processed Img05.jpg-meanshift-0.8,1,1,0.9250042012133428,0.9514801840049026,0.8817523816388007,0.7052916116688621,0.9833450784607596,0.892107301902376
lab | Quarter Resize Mean Shift | Post Processed Img10-meanshift-1.5,1,1,0.8827853932066094,0.998383147922023,0.8815251252878233,0.4585790124871023,0.922421974084487,0.8815251252878232
rgb | KMeans | Postprocessed Img10-segment of 5,1,1,0.9840714433160636,0.8921832718704554,0.8794824723498332,0.2873675216743455,0.9293150393344628,0.8794824723498332
xy_hsv | Quarter Resize Mean Shift | Post Processed Img10-meanshift-1.5,1,1,0.8955966726051033,0.9793828349829112,0.879024108163181,0.3464881243989622,0.9220707576872932,0.8790241081631811
rgb_texture | Quarter Resize Mean Shift | Post Processed Img10-meanshift-1.5,1,1,0.944407269361617,0.92663418645035,0.8787039488422296,0.1982449268518136,0.9260458887282595,0.8787039488422295
hsv_texture | Quarter Resize Mean Shift | Post Processed Img10-meanshift-1.5,1,1,0.895453738384923,0.974786925281185,0.875183521238882,0.2095503615022468,0.9196228858280636,0.875183521238882
texture | Quarter Resize Mean Shift | Post Processed Img10-meanshift-1.5,1,1,0.924881836596894,0.9413453927385854,0.8744862652552855,0.200565016264749,0.9218845065675692,0.8744862652552856
rgb_texture | KMeans | Postprocessed Img10-segment of 5,1,1,0.9725360635024354,0.8950027919077628,0.8729397330779819,0.2571296491740362,0.9246818210038048,0.872939733077982
texture | KMeans | Postprocessed Img10-segment of 5,1,1,0.9648155510795527,0.9008688662400058,0.8722144660626764,0.2604282436702704,0.923692029338986,0.8722144660626764
LAB_only | Sampled Mean Shift | Post Processed Img08-epanechnikov-0.5,1,1,0.9155220520066274,0.9479307169492216,0.871152628255011,0.5880599922719706,0.9569227430555556,0.9283789315709722
hsv | Quarter Resize Mean Shift | Post Processed Img10-meanshift-1.5,1,1,0.8864815836992369,0.9805333464235968,0.8711498413598352,0.4596001058273145,0.916149745900258,0.8711498413598352
lab_texture_glcm | Half Resize PCA 95 Mean Shift | Post Processed Img07.png-meanshift-0.8,1,1,0.9743738880525524,0.88996875,0.869614339369141,0.472798722829424,0.965686274509804,0.869614339369141
hsv | Sampled Mean Shift | Post Processed Img05.jpg-meanshift-0.8,1,1,0.9152255153298736,0.9454773029394876,0.8678041044807494,0.6483589190400292,0.9808835644311222,0.8799365679797704
xy_rgb_texture | KMeans | Postprocessed Img10-segment of 5,1,1,0.9802605107921027,0.8820004786127593,0.8666087884460603,0.2602408578337461,0.9215084566877456,0.8666087884460603
xy_hsv_texture | Quarter Resize Mean Shift | Post Processed Img10-meanshift-1.5,1,1,0.8838292309955235,0.9770572678574716,0.8658595272987295,0.1895896028610889,0.912485033392165,0.8658595272987295
hsv_texture_glcm | Half Resize PCA 95 Mean Shift | Post Processed Img07.png-meanshift-0.8,1,1,0.8862537678439402,0.9739375,0.8657222222222222,0.3309970574562223,0.9611539697846352,0.8657222222222222
xy_lab | Sampled Mean Shift | Post Processed Img09-meanshift-1.5,1,1,0.950568939581844,0.9060907986414322,0.8655841003495574,0.6021437245099439,0.9259193497474748,0.8711368825319703
xy_hsv_texture_leung_malik | KMeans | Postprocessed Img03.jpg-segment of 5,1,1,0.9874151882193296,0.8744569861843042,0.8648184667394443,0.3866764562931097,0.9005511622334053,0.8648184667394443
xy_texture | KMeans | Postprocessed Img10-segment of 5,1,1,0.9733490216174666,0.8857618840161746,0.8647883611354902,0.2336616332470875,0.9199297567205612,0.8647883611354903
xy_hsv_texture_glcm | Sampled Mean Shift | Post Processed Img05.jpg-meanshift-1.5,1,1,0.9185236442410584,0.9352195230259984,0.8625829825653204,0.6466111692004567,0.9799307202906176,0.8779315777580481
hsv_texture_glcm | Sampled Mean Shift | Post Processed Img05.jpg-meanshift-0.8,1,1,0.9316174229057014,0.9190235590918744,0.8621258633635915,0.6911304941217429,0.9804865460392452,0.8751273652263837
xy_rgb | Quarter Resize Mean Shift | Post Processed Img10-meanshift-1.5,1,1,0.9370537510056316,0.9148192009621344,0.8618558727295851,0.3156362917885806,0.9152220379420138,0.8618558727295851
hsv | KMeans | Postprocessed Img10-segment of 5,1,1,0.882549491811431,0.9691847015726724,0.8584604681750738,0.3481993254331109,0.9076123493361478,0.8584604681750738
xy_hsv | KMeans | Postprocessed Img10-segment of 5,1,1,0.9098945977598272,0.9296255161961332,0.8512591726881454,0.2585619399962345,0.9060868639745988,0.8512591726881454
xy_lab_texture_leung_malik | KMeans | Postprocessed Img03.jpg-segment of 5,1,1,0.9861637662350934,0.8590745620282011,0.848843345940716,0.3256777856028156,0.8886989073904962,0.8488433459407159
xy_rgb | Sampled Mean Shift | Post Processed Img09-meanshift-0.8,1,1,0.90674569110574,0.9260675139120708,0.8451908657695644,0.561598433205831,0.9190834122474748,0.8522578315966446
rgb_texture_glcm | Half Resize PCA 95 Mean Shift | Post Processed Img07.png-meanshift-1.5,1,1,0.8783047542581867,0.9571875,0.845105396755325,0.4744491738307843,0.9548858887817422,0.845105396755325
hsv_texture_glcm | Sampled Mean Shift | Post Processed Img05.jpg-meanshift-1.5,1,1,0.941397985510728,0.883923043589254,0.8418385151051984,0.6337997551443917,0.9778265228136692,0.8642020326760333
xy_texture_glcm | Half Resize PCA 95 Mean Shift | Post Processed Img07.png-meanshift-0.8,1,1,0.8967352092352092,0.93215625,0.8417948356145054,0.2908603393278166,0.9549501767920284,0.8417948356145054
rgb_texture_leung_malik | KMeans | Postprocessed Img03.jpg-segment of 5,1,1,0.9832106008081886,0.853377367896311,0.8411202653259983,0.3077183016197158,0.8827209668331164,0.8411202653259983
hsv_texture_leung_malik | KMeans | Postprocessed Img03.jpg-segment of 5,1,1,0.9821481610455052,0.8536355220054124,0.8405929224484787,0.2688198383827773,0.8822222653998355,0.8405929224484787
xy_texture | Quarter Resize Mean Shift | Post Processed Img10-meanshift-1.5,1,1,0.933728477781178,0.8893054592534868,0.8365063561461986,0.1301873615957289,0.8995077648978723,0.8365063561461986
lab_texture_glcm | Sampled Mean Shift | Post Processed Img05.jpg-meanshift-0.8,1,1,0.9386787976945276,0.8818257259333786,0.8348473079638601,0.6786983956578883,0.9727347619378468,0.8462716982190144
lab_texture_leung_malik | KMeans | Postprocessed Img03.jpg-segment of 5,1,1,0.9861141425794852,0.8445823244552058,0.8346558519248364,0.2881955462738682,0.8782715137855325,0.8346558519248365
xy_hsv | Sampled Mean Shift | Post Processed Img09-meanshift-1.5,1,1,0.9098555740872244,0.913677544832944,0.8329535169943069,0.5308237151735721,0.902856691919192,0.8364034188390566
xy_lab_texture_glcm | Sampled Mean Shift | Post Processed Img05.jpg-meanshift-1.5,1,1,0.9279892276002206,0.8755945191824325,0.8243710736047822,0.586549870632129,0.9745411956208871,0.8481578175783667
hsv | KMeans | Postprocessed Img05.jpg-segment of 4,1,1,0.8671681306422605,0.9430299079474928,0.8180692242698762,0.5545532274822627,0.9696975712399876,0.8373593977450601
xy_rgb | KMeans | Postprocessed Img10-segment of 5,1,1,0.9243563741521024,0.8767265341686558,0.8180358231685498,0.2208419680671156,0.88724711975947,0.8180358231685497
xy_texture_leung_malik | KMeans | Postprocessed Img03.jpg-segment of 5,1,1,0.9827604419749436,0.8281761857285287,0.8163168608732275,0.2527209965255263,0.8644179765675093,0.8163168608732274
LAB_XY | Sampled Mean Shift | Post Processed Img08-gaussian-0.5,1,1,0.8781816992297935,0.9290388554845006,0.8157867932264607,0.5403322158919045,0.9367207228535354,0.8994021177576599
xy_rgb_texture | Quarter Resize Mean Shift | Post Processed Img10-meanshift-1.5,1,1,0.9288107037969372,0.8693847371618263,0.8150727288939513,0.11821207585945,0.8859575524829048,0.8150727288939513
rgb_texture_glcm | Half Resize PCA 95 Mean Shift | Post Processed Img07.png-meanshift-0.8,1,1,0.9153821138211382,0.879625,0.8134789896537772,0.2808549315932631,0.9481356477017036,0.8134789896537772
lab_texture_glcm | Sampled Mean Shift | Post Processed Img05.jpg-meanshift-1.5,1,1,0.9316099029914456,0.8508353230490239,0.8052869387253812,0.5096535001747545,0.9729531220533792,0.8331331254053173
rgb | Quarter Resize Mean Shift | Post Processed Img03.jpg-meanshift-0.8,1,1,0.981398242809788,0.8143693918245264,0.8019900061365828,0.2297868632902428,0.8537120873569471,0.8019900061365828
texture | Quarter Resize Mean Shift | Post Processed Img10-meanshift-0.8,1,1,0.8702578211853935,0.9054187554841046,0.7977369241956106,0.1114721065707359,0.8672739044443065,0.7977369241956106
xy_lab | Sampled Mean Shift | Post Processed Img04.jpg-meanshift-0.8,1,1,0.8855093810843115,0.8605860226845232,0.7951575886402268,0.5073078185589347,0.9191854184384122,0.8521748098134295
LAB_only | Sampled Mean Shift | Post Processed Img08-gaussian-0.5,1,1,0.850386720040869,0.905495844446408,0.7844668947234149,0.5188729248719789,0.9313249684343434,0.8900274134614211
xy_rgb | Half Resize PCA 95 Mean Shift | Post Processed Img07.png-meanshift-0.8,1,1,0.786466090755635,0.9900625,0.78030638884784,0.3600251427026875,0.928318868531019,0.78030638884784
xy | Quarter Resize Mean Shift | Post Processed Img03.jpg-meanshift-0.8,1,1,0.8826487770082977,0.8702107961828799,0.7799701594951051,0.3454430321307229,0.8213936438235504,0.7799701594951051
rgb_texture_glcm | Sampled Mean Shift | Post Processed Img05.jpg-meanshift-0.8,1,1,0.8843179308590763,0.8477447654209223,0.7687915282392026,0.4596146984134169,0.9675139700846642,0.794217542213722
xy_hsv_texture_leung_malik | Quarter Resize Mean Shift | Post Processed Img03.jpg-meanshift-0.8,1,1,0.841435156138898,0.8954030764848312,0.7661301993282098,0.2686905375965244,0.8011347076767638,0.7661301993282098
xy_texture | Quarter Resize Mean Shift | Post Processed Img10-meanshift-0.8,1,1,0.8972433956011143,0.8389314663345012,0.7653936370914017,0.0909813178650081,0.8513272609555569,0.7653936370914017
xy_hsv | KMeans | Postprocessed Img09-segment of 5,1,1,0.8723399035606643,0.8660039446601064,0.764508160906726,0.4341338172273002,0.8736091382575758,0.7706757548239352
xy_rgb_texture | Quarter Resize Mean Shift | Post Processed Img10-meanshift-0.8,1,1,0.9026716597547934,0.8260610783513631,0.7585027593647967,0.1021354817399796,0.8479392643967681,0.7585027593647967
xy_texture_glcm | Half Resize PCA 95 Mean Shift | Post Processed Img07.png-meanshift-1.5,1,1,0.8534783941158444,0.87028125,0.7571572279165873,0.1889263981028721,0.92822243651559,0.7571572279165873
xy | Quarter Resize Mean Shift | Post Processed Img10-meanshift-0.8,1,1,0.7747785082503071,0.9693657153726736,0.7562615489195477,0.1779979671704107,0.8193701164512953,0.7562615489195477
xy_lab_texture_leung_malik | Quarter Resize Mean Shift | Post Processed Img03.jpg-meanshift-0.8,1,1,0.8416805431023441,0.8774124056402222,0.7531174546899355,0.2560402526884019,0.7907332206397627,0.7531174546899355
xy_lab | Sampled Mean Shift | Post Processed Img05.jpg-meanshift-1.5,1,1,0.7932420334629673,0.9358654476663656,0.7529193703531919,0.4625597085394833,0.945529076634475,0.7620638969457884
xy_lab_texture | Quarter Resize Mean Shift | Post Processed Img10-meanshift-0.8,1,1,0.9041820564756344,0.81489344730044,0.7501164961351524,0.1015834527504862,0.8430506159590603,0.7501164961351524
xy_lab | Quarter Resize Mean Shift | Post Processed Img03.jpg-meanshift-1.5,1,1,0.9966956047990716,0.7491276171485544,0.7472716778404298,0.2190919639840778,0.8156682923038063,0.7472716778404298
xy_hsv | Sampled Mean Shift | Post Processed Img05.jpg-meanshift-1.5,1,1,0.779305040541658,0.9397804322813762,0.7428530259290882,0.4868112727900374,0.9332612083254757,0.7272226490296302
xy_texture_leung_malik | Quarter Resize Mean Shift | Post Processed Img03.jpg-meanshift-0.8,1,1,0.7721072930007742,0.9498824953710298,0.7418845728667672,0.2394156447271067,0.7595546660967222,0.7418845728667673
hsv_texture_leung_malik | Quarter Resize Mean Shift | Post Processed Img03.jpg-meanshift-0.8,1,1,0.7275600546628584,1.0,0.7275600546628584,0.3313362198575912,0.7275600546628584,0.7275600546628583
hsv_texture_leung_malik | Quarter Resize Mean Shift | Post Processed Img03.jpg-meanshift-1.5,1,1,0.7275600546628584,1.0,0.7275600546628584,0.3313362198575912,0.7275600546628584,0.7275600546628583
lab | Quarter Resize Mean Shift | Post Processed Img03.jpg-meanshift-1.5,1,1,0.7275600546628584,1.0,0.7275600546628584,0.3313362198575912,0.7275600546628584,0.7275600546628583
lab_texture_leung_malik | Quarter Resize Mean Shift | Post Processed Img03.jpg-meanshift-0.8,1,1,0.7275600546628584,1.0,0.7275600546628584,0.3313362198575912,0.7275600546628584,0.7275600546628583
lab_texture_leung_malik | Quarter Resize Mean Shift | Post Processed Img03.jpg-meanshift-1.5,1,1,0.7275600546628584,1.0,0.7275600546628584,0.3313362198575912,0.7275600546628584,0.7275600546628583
rgb | Quarter Resize Mean Shift | Post Processed Img03.jpg-meanshift-1.5,1,1,0.7275600546628584,1.0,0.7275600546628584,0.3313362198575912,0.7275600546628584,0.7275600546628583
rgb_texture_leung_malik | Quarter Resize Mean Shift | Post Processed Img03.jpg-meanshift-0.8,1,1,0.7275600546628584,1.0,0.7275600546628584,0.3313362198575912,0.7275600546628584,0.7275600546628583
rgb_texture_leung_malik | Quarter Resize Mean Shift | Post Processed Img03.jpg-meanshift-1.5,1,1,0.7275600546628584,1.0,0.7275600546628584,0.3313362198575912,0.7275600546628584,0.7275600546628583
texture_leung_malik | KMeans | Postprocessed Img03.jpg-segment of 5,1,1,0.7275600546628584,1.0,0.7275600546628584,0.3313362198575912,0.7275600546628584,0.7275600546628583
texture_leung_malik | Quarter Resize Mean Shift | Post Processed Img03.jpg-meanshift-0.8,1,1,0.7275600546628584,1.0,0.7275600546628584,0.3313362198575912,0.7275600546628584,0.7275600546628583
texture_leung_malik | Quarter Resize Mean Shift | Post Processed Img03.jpg-meanshift-1.5,1,1,0.7275600546628584,1.0,0.7275600546628584,0.3313362198575912,0.7275600546628584,0.7275600546628583
xy | Quarter Resize Mean Shift | Post Processed Img03.jpg-meanshift-1.5,1,1,0.7275600546628584,1.0,0.7275600546628584,0.3313362198575912,0.7275600546628584,0.7275600546628583
xy_lab_texture_leung_malik | Quarter Resize Mean Shift | Post Processed Img03.jpg-meanshift-1.5,1,1,0.7275600546628584,1.0,0.7275600546628584,0.3313362198575912,0.7275600546628584,0.7275600546628583
xy_rgb_texture_leung_malik | Quarter Resize Mean Shift | Post Processed Img03.jpg-meanshift-1.5,1,1,0.7275600546628584,1.0,0.7275600546628584,0.3313362198575912,0.7275600546628584,0.7275600546628583
xy_texture_leung_malik | Quarter Resize Mean Shift | Post Processed Img03.jpg-meanshift-1.5,1,1,0.7275600546628584,1.0,0.7275600546628584,0.3313362198575912,0.7275600546628584,0.7275600546628583
xy_rgb | Half Resize PCA 95 Mean Shift | Post Processed Img07.png-meanshift-1.5,1,1,0.8721822219231545,0.81009375,0.7241263722450347,0.3988365592450516,0.9206364513018322,0.7241263722450347
xy_lab | Half Resize PCA 95 Mean Shift | Post Processed Img01-meanshift-0.8,1,1,0.8107427104126701,0.8349762379333499,0.720901132179868,0.5395840054703571,0.9387957331882566,0.8468005673707503
xy | KMeans | Postprocessed Img03.jpg-segment of 5,1,1,0.8150836947682298,0.8565286284005127,0.717169157380837,0.3337990467511642,0.7542373430223898,0.717169157380837
xy_hsv | Sampled Mean Shift | Post Processed Img04.jpg-meanshift-0.8,1,1,0.8570236803145409,0.8032533468752986,0.7111211759148757,0.3641653330623213,0.855862275036201,0.763009959446696
xy_hsv_texture_leung_malik | Quarter Resize Mean Shift | Post Processed Img03.jpg-meanshift-1.5,1,1,0.8293192878813491,0.8297696197122917,0.7087363138686131,0.3582962983410163,0.7518992752637612,0.7087363138686132
xy_lab | Quarter Resize Mean Shift | Post Processed Img06.jpg-meanshift-1.5,1,1,0.7308492619099308,0.7257362892702525,0.7077696358981715,0.5358696529099923,0.9579021970233876,0.9307307444935442
xy_hsv | Quarter Resize Mean Shift | Post Processed Img06.jpg-meanshift-1.5,1,1,0.7256638977134422,0.7276403757715609,0.7043998808874364,0.5254269585189277,0.9567761241042602,0.9313167837262256
xy_lab | Quarter Resize Mean Shift | Post Processed Img06.jpg-meanshift-0.8,1,1,0.7225595760752717,0.7291240533690061,0.703021684572535,0.501429326128576,0.9612331679659816,0.930354252893656
lab | Quarter Resize Mean Shift | Post Processed Img06.jpg-meanshift-0.8,1,1,0.729912500067429,0.7205741813943347,0.7018501696960446,0.4961135872227695,0.9618316402866368,0.9305393817593512
RGB_HSV_LAB_XY_Texture | Sampled Mean Shift | Post Processed Img08-gaussian-1.5,1,1,0.8171332931067282,0.7737882791464751,0.6984367725219445,0.4000236981223433,0.8981810290404041,0.824607399877969
lab_texture | Quarter Resize Mean Shift | Post Processed Img10-meanshift-0.8,1,1,0.7526688613626756,0.901365887182382,0.6953943817990741,0.0860672606727913,0.7717253062057099,0.6953943817990741
xy_hsv | Quarter Resize Mean Shift | Post Processed Img06.jpg-meanshift-0.8,1,1,0.7173359701692721,0.72650354108086,0.6950382816127973,0.4876718764830554,0.958673911331601,0.9307395300858238
xy_rgb_texture_leung_malik | Quarter Resize Mean Shift | Post Processed Img03.jpg-meanshift-0.8,1,1,0.8851049262974451,0.7595517020367469,0.6913833338735293,0.1249012585767774,0.7533241365017066,0.6913833338735293
xy_rgb | Quarter Resize Mean Shift | Post Processed Img06.jpg-meanshift-0.8,1,1,0.7196842286536684,0.7143817796634455,0.6868253476021411,0.4308548713075216,0.942318292778959,0.8996707747266756
HSV_XY | Sampled Mean Shift | Post Processed Img08-gaussian-0.5,1,1,0.6937731712175,0.7374377587285834,0.6829652473568114,0.6110772483682536,0.9334951073232324,0.8699607679922782
LAB_XY | Sampled Mean Shift | Post Processed Img08-epanechnikov-1.5,1,1,0.6986224030453879,0.7312697694887257,0.6818693448415056,0.5817545097806198,0.9287306660353536,0.8691618717056473
LAB_only | Sampled Mean Shift | Post Processed Img08-epanechnikov-1.5,1,1,0.699314035905233,0.7304308118173918,0.681325532627997,0.5898384419773083,0.9276357323232324,0.8691717003096598
xy_texture_glcm | Sampled Mean Shift | Post Processed Img05.jpg-meanshift-0.8,1,1,0.8275288575851969,0.7838010237829125,0.6804093685111567,0.3762844490655018,0.9553056545344464,0.709619586115181
xy_lab | KMeans | Postprocessed Img04.jpg-segment of 10,1,1,0.7539627551975665,0.8019953708093626,0.6800353370744627,0.3039112994330071,0.8394013223925652,0.7386629627811826
hsv | Quarter Resize Mean Shift | Post Processed Img03.jpg-meanshift-1.5,1,1,0.9931387808041504,0.6816247685514883,0.6784299827227218,0.3149378148834225,0.7649367555909612,0.6784299827227217
LAB_XY | KMeans | Postprocessed Img08-segment of 5,1,1,0.6986875401333319,0.7266608545028772,0.6775043834575626,0.482217233577507,0.923778803661616,0.8646517937620919
xy_lab_texture_glcm | Quarter Resize Mean Shift | Post Processed Img06.jpg-meanshift-1.5,1,1,0.7168861328702607,0.7045582270149835,0.674996072250661,0.4224409600603426,0.9357902197023388,0.8967550502916392
xy_hsv_texture_glcm | Quarter Resize Mean Shift | Post Processed Img06.jpg-meanshift-1.5,1,1,0.7154748617824226,0.7032322586335477,0.6728729045774295,0.4386737882068429,0.9411607213166392,0.9040186365107596
RGB_XY | Sampled Mean Shift | Post Processed Img08-gaussian-0.5,1,1,0.6933884042795211,0.7220526787619226,0.6700566325541522,0.4988580250848334,0.9191425978535354,0.8572677290454759
xy_rgb | Sampled Mean Shift | Post Processed Img04.jpg-meanshift-0.8,1,1,0.7509445737712072,0.770142751198681,0.6617870752909705,0.3237907068509293,0.83288129879483,0.7298701781801872
rgb_texture | Quarter Resize Mean Shift | Post Processed Img10-meanshift-0.8,1,1,0.6807714273162588,0.950868559436955,0.6576386560684443,0.1804465950105104,0.7138012079715479,0.6576386560684443
xy | Sampled Mean Shift | Post Processed Img09-meanshift-0.8,1,1,0.8510967768565454,0.7384398736494852,0.6510318090036078,0.2501694314880525,0.7967763573232324,0.6534107547010021
LAB_Texture | Sampled Mean Shift | Post Processed Img08-gaussian-1.5,1,1,0.7908390724357393,0.7450300012472455,0.6466926388059488,0.3857904540185973,0.8550741792929293,0.7915578341961332
xy | KMeans | Postprocessed Img10-segment of 5,1,1,0.7760164966852877,0.7897325291002694,0.6431348347733099,0.1756565915714975,0.7466434887495454,0.6431348347733099
lab_texture_glcm | Quarter Resize Mean Shift | Post Processed Img06.jpg-meanshift-1.5,1,1,0.7029276008409027,0.6825990772213204,0.6429719965070235,0.3121683291056237,0.933301834790141,0.8764689389792637
xy_lab | Half Resize PCA 95 Mean Shift | Post Processed Img02.jpg-meanshift-0.8,1,1,0.7179860285330095,0.6664379956030377,0.639040366997007,0.446411000218917,0.947908368469116,0.9049970627719304
xy_hsv | KMeans | Postprocessed Img07.png-segment of 4,1,1,0.6490122077210145,0.9619375,0.6327625547310214,0.4055316379083922,0.8564368370298939,0.6327625547310214
xy_texture_glcm | Quarter Resize Mean Shift | Post Processed Img06.jpg-meanshift-0.8,1,1,0.7777721700380454,0.6849410347568057,0.6295592690800238,0.2979239256757029,0.912016694227892,0.8359516530024828
RGB_HSV_LAB_XY_Texture | KMeans | Postprocessed Img08-segment of 5,1,1,0.6587852414795394,0.699985177756552,0.62085659702604,0.3399847772300495,0.8939591224747475,0.8034414109661446
xy_hsv | Half Resize PCA 95 Mean Shift | Post Processed Img02.jpg-meanshift-0.8,1,1,0.9131531873547764,0.6554589687920832,0.6162853057265629,0.423478895090163,0.9167945803459824,0.8489853225969138
xy_rgb | KMeans | Postprocessed Img02.jpg-segment of 5,1,1,0.680745004143728,0.6735756659121933,0.6139945733988356,0.3559316740449336,0.910732443442724,0.8414451468253439
xy_rgb | KMeans | Postprocessed Img07.png-segment of 4,1,1,0.8092836594807685,0.71209375,0.6097671929355097,0.255596315745262,0.8828109932497589,0.6097671929355097
xy_rgb | Half Resize PCA 95 Mean Shift | Post Processed Img02.jpg-meanshift-0.8,1,1,0.6822825488419338,0.6597026028176421,0.6087172966718253,0.3812532514609007,0.923918886535709,0.8647962766369383
RGB_XY | KMeans | Postprocessed Img08-segment of 5,1,1,0.6796893678633414,0.6593639076676046,0.6047608888446585,0.3268387160697774,0.8573824179292929,0.7870665603149589
xy_rgb_texture_glcm | Sampled Mean Shift | Post Processed Img05.jpg-meanshift-1.5,1,1,0.8158480867739445,0.7067252211569884,0.6015214951286134,0.2071949815944734,0.9473355103175156,0.6447767704465268
xy_rgb | Half Resize PCA 95 Mean Shift | Post Processed Img01-meanshift-0.8,1,1,0.8998706753027599,0.6562077972800685,0.5982758461106228,0.4027092563569296,0.906030401357504,0.7230398342140425
RGB_only | Sampled Mean Shift | Post Processed Img08-epanechnikov-0.5,1,1,0.907118620862272,0.6827272475394015,0.5974535769679464,0.3544984359573949,0.8794389204545454,0.781535071551933
RGB_Texture | Sampled Mean Shift | Post Processed Img08-gaussian-1.5,1,1,0.7481662248182905,0.7107238944003369,0.5973364970568087,0.3602737519775612,0.823666351010101,0.750014922232565
LAB_only | KMeans | Postprocessed Img08-segment of 5,1,1,0.6617448301564908,0.6737979712981085,0.5877362131853038,0.3437822447625191,0.8708274147727273,0.7716789268167668
LAB_Texture | KMeans | Postprocessed Img08-segment of 5,1,1,0.6726744854516604,0.6371557057449809,0.5827999185483308,0.2771654714248031,0.8306995738636364,0.7611998853001458
hsv_texture | Quarter Resize Mean Shift | Post Processed Img10-meanshift-0.8,1,1,0.5781624996674087,1.0,0.5781624996674087,0.1538274353691339,0.5781624996674087,0.5781624996674087
rgb | Quarter Resize Mean Shift | Post Processed Img10-meanshift-1.5,1,1,0.5781624996674087,1.0,0.5781624996674087,0.1538274353691339,0.5781624996674087,0.5781624996674087
xy | Quarter Resize Mean Shift | Post Processed Img10-meanshift-1.5,1,1,0.5781624996674087,1.0,0.5781624996674087,0.1538274353691339,0.5781624996674087,0.5781624996674087
xy_hsv_texture | Quarter Resize Mean Shift | Post Processed Img10-meanshift-0.8,1,1,0.5781624996674087,1.0,0.5781624996674087,0.1538274353691339,0.5781624996674087,0.5781624996674087
xy_rgb_texture_glcm | Quarter Resize Mean Shift | Post Processed Img06.jpg-meanshift-1.5,1,1,0.6760615145229949,0.6392764444155153,0.5766703708887997,0.2464083281547419,0.8138121111898575,0.723660136834687
xy_lab | Half Resize PCA 95 Mean Shift | Post Processed Img02.jpg-meanshift-1.5,1,1,0.6820210539063326,0.6283819613654821,0.5752157947393575,0.3249485987443928,0.8850978944436888,0.798681175960821
xy_rgb_texture_glcm | Sampled Mean Shift | Post Processed Img05.jpg-meanshift-0.8,1,1,0.7399332704565055,0.7162717894426722,0.5749143074425521,0.2744548100926199,0.9023136246786632,0.5969465714931652
hsv | Half Resize PCA 95 Mean Shift | Post Processed Img01-meanshift-0.8,1,1,0.9761031844097272,0.5845306093609403,0.5748683995668448,0.4984632349465017,0.933789288929476,0.7972607840893584
xy_hsv | Half Resize PCA 95 Mean Shift | Post Processed Img02.jpg-meanshift-1.5,1,1,0.6704637099391542,0.6309401082630222,0.5669569376401329,0.3255839153726712,0.8580643907746711,0.7556130189967423
xy_rgb_texture_glcm | KMeans | Postprocessed Img07.png-segment of 4,1,1,0.6183766752462945,0.87090625,0.5664546027358279,0.1922224809969879,0.8285920925747348,0.5664546027358279
xy_rgb | KMeans | Postprocessed Img04.jpg-segment of 10,1,1,0.6409344118709535,0.6901908294289526,0.5644166771344185,0.2090980433712218,0.7825445713716567,0.6538803704871573
xy_lab_texture | Quarter Resize Mean Shift | Post Processed Img10-meanshift-1.5,1,1,0.8593021468463391,0.6174472758957115,0.5607561006871109,0.0768434860024554,0.7203714379473353,0.5607561006871109
texture_glcm | Sampled Mean Shift | Post Processed Img05.jpg-meanshift-0.8,1,1,0.7764214558828557,0.6672860885800688,0.5590505581770298,0.2264002938144147,0.9392164842036308,0.605665803538001
hsv_texture_glcm | Quarter Resize Mean Shift | Post Processed Img06.jpg-meanshift-1.5,1,1,0.610466926917989,0.670426459488376,0.5577654305703078,0.2559752691610371,0.8232301756043783,0.7734885860592221
rgb | KMeans | Postprocessed Img02.jpg-segment of 5,1,1,0.657633201022997,0.6307946276701812,0.5551632849242142,0.263189919020159,0.8421642346875992,0.7304286729538727
rgb_texture_glcm | KMeans | Postprocessed Img07.png-segment of 4,1,1,0.6233626748231339,0.8343125,0.5546944796492905,0.1075084319724866,0.8277643844423015,0.5546944796492905
rgb | Half Resize PCA 95 Mean Shift | Post Processed Img07.png-meanshift-0.8,1,1,0.6376176485234799,0.80025,0.5500708854233793,0.2263180102342783,0.8316779170684667,0.5500708854233793
xy_hsv | KMeans | Postprocessed Img04.jpg-segment of 10,1,1,0.6288742989784449,0.6708676073130054,0.5405901034695519,0.2109501318728039,0.7614177028983842,0.626090901595847
rgb | Half Resize PCA 95 Mean Shift | Post Processed Img02.jpg-meanshift-0.8,1,1,0.6358494470805643,0.6276038875248233,0.5394463195543604,0.2861865092492489,0.8268923128736213,0.7082022663109495
xy_lab_texture | KMeans | Postprocessed Img09-segment of 5,1,1,0.6239593086461259,0.6306279855231629,0.532874057434665,0.2760520337543973,0.701724273989899,0.5445925795939512
xy_rgb | Sampled Mean Shift | Post Processed Img09-meanshift-1.5,1,1,0.5463551724163267,0.7193463067814004,0.5287859029962061,0.2892029325156386,0.7432232481060606,0.5457309540487018
hsv | KMeans | Postprocessed Img02.jpg-segment of 5,1,1,0.6450385094409636,0.6017361343835397,0.5242563813543274,0.2507563040408859,0.8187511738913608,0.6964379742529807
xy_rgb | KMeans | Postprocessed Img09-segment of 5,1,1,0.5716349049685988,0.6718260775009897,0.5190898956334805,0.2914305138559647,0.7564512310606061,0.5317023091991723
lab | Half Resize PCA 95 Mean Shift | Post Processed Img02.jpg-meanshift-0.8,1,1,0.6455241558025735,0.5963357738173326,0.5176189458634235,0.2328419098090855,0.801646362394026,0.6713937339668269
RGB_only | KMeans | Postprocessed Img08-segment of 5,1,1,0.6132153347621804,0.619589289900616,0.5169453511262432,0.3078052060198362,0.8170572916666666,0.6971047083645339
xy_lab | KMeans | Postprocessed Img09-segment of 5,1,1,0.548068517827822,0.7009419528785856,0.5154904738023521,0.3058074224907772,0.7595486111111112,0.5266016467090249
rgb | KMeans | Postprocessed Img07.png-segment of 4,1,1,0.5926825849259381,0.79275,0.5131690739167375,0.1277002881945541,0.8066055930568949,0.5131690739167375
texture_glcm | Half Resize PCA 95 Mean Shift | Post Processed Img07.png-meanshift-0.8,1,1,0.6788689171416046,0.67746875,0.5130517098568217,0.0939523817910223,0.834651237544198,0.5130517098568217
Texture_only | KMeans | Postprocessed Img08-segment of 5,1,1,0.5704883718193309,0.6457188614661203,0.5106107552472365,0.2364372932533238,0.7710700757575758,0.6793101677022657
rgb_texture_glcm | Quarter Resize Mean Shift | Post Processed Img06.jpg-meanshift-0.8,1,1,0.5935599062499013,0.6152659875561783,0.5101970264885982,0.1323286997510572,0.8109299944877549,0.7361715874508188
xy_hsv_texture | KMeans | Postprocessed Img09-segment of 5,1,1,0.6693225062554198,0.6423798141642888,0.5080374655669155,0.25254437293324,0.6668047664141414,0.5276790072984265
RGB_Texture | KMeans | Postprocessed Img08-segment of 5,1,1,0.5650238907244466,0.6353556898036199,0.5023989335864819,0.2428487717478261,0.7629616477272727,0.6737843970348133
XY_only | Sampled Mean Shift | Post Processed Img08-epanechnikov-0.5,1,1,0.673568786025208,0.7278027014035586,0.5000171554566404,0.1404204450206154,0.683721985479798,0.5308885563625725
rgb | KMeans | Postprocessed Img05.jpg-segment of 4,1,1,0.6763524430433573,0.6632403959123052,0.4991944986577302,0.2952234555809482,0.9287947514168594,0.5532748074938985
HSV_Texture | KMeans | Postprocessed Img08-segment of 5,1,1,0.5539429044917826,0.6261355268078688,0.4956616987121849,0.2530774546699375,0.7609000157828283,0.6707252421825128
lab | KMeans | Postprocessed Img09-segment of 5,1,1,0.566844396529113,0.6547694954245128,0.4949922925191123,0.2706158881731645,0.69009430239899,0.5039344975224159
lab | Sampled Mean Shift | Post Processed Img09-meanshift-0.8,1,1,0.5326075502622843,0.6892824810525063,0.4938092655319014,0.2602579978983136,0.6136758207070707,0.495387177311972
lab | KMeans | Postprocessed Img02.jpg-segment of 5,1,1,0.6408686274875627,0.5662375181603083,0.4925387340456966,0.2678655941797475,0.8050919359330574,0.6771203507531447
xy_lab | KMeans | Postprocessed Img06.jpg-segment of 4,1,1,0.6237206600355018,0.5985200771544195,0.4882283451978402,0.3511828927120155,0.705008268367588,0.5855277230879103
texture_glcm | Half Resize PCA 95 Mean Shift | Post Processed Img07.png-meanshift-1.5,1,1,0.518534782449592,0.885625,0.4859896422814418,0.1066350926478508,0.7591288974606236,0.4859896422814418
xy_rgb_texture_leung_malik | Half Resize PCA 95 Mean Shift | Post Processed Img02.jpg-meanshift-0.8,1,1,0.6037500636171963,0.5416227246640104,0.4776476826234745,0.2507145365377118,0.8729218075012467,0.7806859742401989
xy_hsv_texture | Half Resize PCA 95 Mean Shift | Post Processed Img01-meanshift-1.5,1,1,0.6804269837843944,0.588964537665922,0.4758590625394661,0.219428692042108,0.8514193560922533,0.5883975464525132
xy_rgb | Sampled Mean Shift | Post Processed Img05.jpg-meanshift-0.8,1,1,0.6687512570833871,0.6412523570890727,0.4716788216153711,0.3370826978225577,0.925648380661234,0.527464198828138
xy_hsv_texture_leung_malik | Half Resize PCA 95 Mean Shift | Post Processed Img02.jpg-meanshift-0.8,1,1,0.6026212451104531,0.5268735843820144,0.4671342183985319,0.242721348539231,0.8745150614309493,0.7828304003219206
xy_rgb | Half Resize PCA 95 Mean Shift | Post Processed Img02.jpg-meanshift-1.5,1,1,0.6226609712646517,0.5611141029912442,0.4650351505944731,0.2905611796516731,0.7216144973154319,0.5584883535750154
xy_hsv | KMeans | Postprocessed Img01-segment of 5,1,1,0.4772539087233939,0.4847982584172377,0.4633846444870066,0.3976582101922742,0.9235626712262226,0.7458845014175236
lab | KMeans | Postprocessed Img01-segment of 5,1,1,0.4963273315478242,0.4630284738886278,0.4598771498771499,0.3619680767168228,0.91638007525858,0.7402386823352061
xy_lab | KMeans | Postprocessed Img01-segment of 5,1,1,0.4870291491327106,0.4695470400514558,0.4580899744171453,0.3734003408998674,0.9191132181786388,0.7373619653511833
xy_lab | Half Resize PCA 95 Mean Shift | Post Processed Img01-meanshift-1.5,1,1,0.4928584629194498,0.4618162927046483,0.4557172151157113,0.3549855176143014,0.9130251747074176,0.7335426666118107
hsv_texture_leung_malik | Half Resize PCA 95 Mean Shift | Post Processed Img02.jpg-meanshift-0.8,1,1,0.6067671690382979,0.5207145595280005,0.4553071327238691,0.24117287272391,0.8575786426253716,0.7543679317254802
lab_texture_leung_malik | Half Resize PCA 95 Mean Shift | Post Processed Img02.jpg-meanshift-0.8,1,1,0.5694455386137565,0.5281511385133218,0.4551695278686029,0.2168924651418214,0.8544633778278639,0.7526678585994615
hsv | Half Resize PCA 95 Mean Shift | Post Processed Img02.jpg-meanshift-0.8,1,1,0.7609304504234831,0.5557549996399211,0.4533506863458126,0.2658688004874369,0.6996975408190361,0.5326944214870969
rgb_texture_leung_malik | Half Resize PCA 95 Mean Shift | Post Processed Img02.jpg-meanshift-0.8,1,1,0.6006869831951822,0.5203484701786061,0.4523741813728458,0.2438805334413386,0.8516460385619264,0.7454378038550619
xy_lab_texture_leung_malik | Half Resize PCA 95 Mean Shift | Post Processed Img02.jpg-meanshift-0.8,1,1,0.592647224794197,0.5110318566028746,0.4511732636271928,0.2415834070776105,0.8689775325289344,0.7731989396739104
hsv | KMeans | Postprocessed Img01-segment of 5,1,1,0.4585846542292046,0.4852559186601687,0.446151571669017,0.3590885748898626,0.9241196624374196,0.7181453821358131
lab_texture | KMeans | Postprocessed Img09-segment of 5,1,1,0.5618326976651793,0.5886401458366902,0.4449291249005807,0.2197818882988497,0.6357915088383839,0.4588582837646288
xy_texture_leung_malik | Half Resize PCA 95 Mean Shift | Post Processed Img02.jpg-meanshift-0.8,1,1,0.5835587925012613,0.5024588216705275,0.4425715319478531,0.2257773327645462,0.8640747145420042,0.7659675147802846
xy_lab_texture_glcm | Sampled Mean Shift | Post Processed Img05.jpg-meanshift-0.8,1,1,0.6906299945948677,0.5322571170324668,0.4412317693772921,0.3013219550398338,0.8870482675109924,0.4988671758060621
hsv | Sampled Mean Shift | Post Processed Img09-meanshift-0.8,1,1,0.5781621369796013,0.6750316551765219,0.4409889877910092,0.2870488962298985,0.5385594223484849,0.464278693204759
hsv_texture_glcm | Quarter Resize Mean Shift | Post Processed Img06.jpg-meanshift-0.8,1,1,0.5863272254853531,0.5187001944129366,0.4402666272133697,0.127308848078885,0.7857547838412473,0.6917327525911271
lab | Half Resize PCA 95 Mean Shift | Post Processed Img01-meanshift-0.8,1,1,0.4650920501066359,0.4693491329193776,0.4384576275103418,0.3564660492327428,0.9184331707696194,0.7057608679508838
lab_texture_glcm | Quarter Resize Mean Shift | Post Processed Img06.jpg-meanshift-0.8,1,1,0.5560874898124906,0.5409949686144038,0.4361514196011006,0.1385011799368825,0.7577683282148201,0.6471677948024632
xy_rgb_texture | KMeans | Postprocessed Img09-segment of 5,1,1,0.5273851555939868,0.588012437281797,0.4349574423831257,0.2414831587055339,0.6095130997474747,0.4608703091709977
hsv | KMeans | Postprocessed Img09-segment of 5,1,1,0.6045899214868058,0.5931762905378761,0.4329344025397056,0.2277932343613021,0.5575678661616161,0.446445731883265
rgb | Half Resize PCA 95 Mean Shift | Post Processed Img01-meanshift-0.8,1,1,0.4603510822194629,0.4677535066669965,0.4328754578754579,0.3066894633455166,0.9136534089805118,0.6967755598176097
lab | Half Resize PCA 95 Mean Shift | Post Processed Img01-meanshift-1.5,1,1,0.4444116243666356,0.4838581995398659,0.4316135581251655,0.3482990735615456,0.922830810681278,0.6947443499420048
rgb | KMeans | Postprocessed Img01-segment of 5,1,1,0.4676649579556072,0.4581550107612003,0.430857993672064,0.2745447234979274,0.9135238761406984,0.6935281598457311
xy | KMeans | Postprocessed Img04.jpg-segment of 10,1,1,0.4964980414525051,0.5843783308080235,0.4283445079500255,0.161432354910054,0.6998873744454915,0.530690835825241
xy | KMeans | Postprocessed Img09-segment of 5,1,1,0.4717783424305241,0.6445661693418345,0.4253069468128334,0.1963260888488306,0.6700698390151515,0.4408527289127685
texture_leung_malik | Half Resize PCA 95 Mean Shift | Post Processed Img02.jpg-meanshift-0.8,1,1,0.5633635749824903,0.4934968651799762,0.4250458086969438,0.215434253864182,0.8433106003199461,0.7329445817026644
hsv | Quarter Resize Mean Shift | Post Processed Img06.jpg-meanshift-0.8,1,1,0.4366578458362166,0.478375809571792,0.4221313103448334,0.3246664712003511,0.8846365855579179,0.795196236746614
xy_lab_texture_leung_malik | Half Resize PCA 95 Mean Shift | Post Processed Img02.jpg-meanshift-1.5,1,1,0.5816320938477222,0.4931882157868012,0.4218790502446519,0.2371627597169437,0.8323974585656828,0.7153572404802647
xy | Half Resize PCA 95 Mean Shift | Post Processed Img02.jpg-meanshift-0.8,1,1,0.4442572921221173,0.4714292904244592,0.4209129986893308,0.242159947474698,0.888511084772767,0.8006622148420731
hsv_texture_leung_malik | Half Resize PCA 95 Mean Shift | Post Processed Img02.jpg-meanshift-1.5,1,1,0.5943855481335063,0.4889089883542378,0.4202899721923503,0.2169537018769272,0.8344894139286663,0.7182185114721993
rgb_texture_leung_malik | Half Resize PCA 95 Mean Shift | Post Processed Img02.jpg-meanshift-1.5,1,1,0.6063062906954791,0.4885667725162729,0.4183423048984237,0.230931313061189,0.8276176967765753,0.7074940407604212
xy_rgb_texture_leung_malik | Half Resize PCA 95 Mean Shift | Post Processed Img02.jpg-meanshift-1.5,1,1,0.5734209438414518,0.4930565497349589,0.4171494239396437,0.2241295563958114,0.8201760351293061,0.6974725499586782
hsv | Half Resize PCA 95 Mean Shift | Post Processed Img01-meanshift-1.5,1,1,0.4530307135292234,0.4550256042352126,0.4157944706919547,0.2660181755190149,0.9098451434900032,0.6692812443268779
HSV_Texture | Sampled Mean Shift | Post Processed Img08-gaussian-1.5,1,1,0.6241760730440282,0.5528011770882101,0.4153158249435296,0.2990620814684577,0.69857757260101,0.5689941752427745
lab_texture_leung_malik | Half Resize PCA 95 Mean Shift | Post Processed Img02.jpg-meanshift-1.5,1,1,0.5762512501727503,0.4845045721909755,0.4149059320858959,0.2099116399926677,0.8314324389090745,0.7142527695902403
Texture_only | Sampled Mean Shift | Post Processed Img08-gaussian-1.5,1,1,0.627318818571915,0.5577021365153351,0.4124964217060693,0.3121033578059564,0.6747652304292929,0.5602243708657829
xy_hsv_texture_leung_malik | Half Resize PCA 95 Mean Shift | Post Processed Img02.jpg-meanshift-1.5,1,1,0.5707679947120576,0.4802919762567073,0.4101738739447323,0.2171626528191522,0.8313223359952332,0.7133964415537554
texture_leung_malik | Half Resize PCA 95 Mean Shift | Post Processed Img02.jpg-meanshift-1.5,1,1,0.5807502105889536,0.4782693252418226,0.4083863547341906,0.2111253819107842,0.8293663901140537,0.7101073827279305
HSV_XY | KMeans | Postprocessed Img08-segment of 5,1,1,0.5086293576191071,0.5103262708497204,0.4077256566875729,0.2359825757805674,0.6979561237373737,0.5674524395860859
lab | KMeans | Postprocessed Img06.jpg-segment of 4,1,1,0.461944947612763,0.4433091350170215,0.4069490565692902,0.1576900068617734,0.8098511693834161,0.7461022811804893
HSV_only | Sampled Mean Shift | Post Processed Img08-epanechnikov-0.5,1,1,0.4784002277633578,0.5014899764628249,0.4021741284257686,0.2999560845834055,0.7032335069444444,0.5775690230088351
texture_glcm | Quarter Resize Mean Shift | Post Processed Img06.jpg-meanshift-0.8,1,1,0.5780243699641782,0.515613374716,0.4017535074447943,0.1455751117824505,0.692156862745098,0.5380288119597185
xy_lab_texture | Half Resize PCA 95 Mean Shift | Post Processed Img01-meanshift-1.5,1,1,0.6741335760741696,0.4891723898686013,0.4000935438319381,0.1900260661049809,0.8389971567541661,0.5456768160808729
Texture_only | Sampled Mean Shift | Post Processed Img08-epanechnikov-1.5,1,1,0.5610861805607218,0.5434963740376971,0.3978633408766576,0.1494185497514099,0.6571180555555556,0.5303458832863659
xy_texture_leung_malik | Sampled Mean Shift | Post Processed Img04.jpg-meanshift-1.5,1,1,0.5575958216446315,0.5328231479504097,0.3931212429766833,0.1441903089211996,0.5284705143233656,0.3813143163753368
xy_hsv | KMeans | Postprocessed Img02.jpg-segment of 5,1,1,0.4286305441187105,0.4548958354538678,0.3919638225347236,0.1426672226899907,0.8543273683460599,0.7441874448679117
LAB_Texture | Sampled Mean Shift | Post Processed Img08-epanechnikov-1.5,1,1,0.4874396806582878,0.5357696623190569,0.3919158217301802,0.1451450274896716,0.6548985953282829,0.5266084922951819
xy_texture_leung_malik | Half Resize PCA 95 Mean Shift | Post Processed Img02.jpg-meanshift-1.5,1,1,0.569095572690361,0.4617869555055066,0.3916376179785695,0.2005011905549894,0.8237446648661602,0.7011100829085951
xy_rgb_texture_glcm | Quarter Resize Mean Shift | Post Processed Img06.jpg-meanshift-0.8,1,1,0.7055277653377726,0.4974350861247871,0.3875430153557387,0.146517246454946,0.73272698637688,0.6203997382382817
xy_texture_glcm | Sampled Mean Shift | Post Processed Img05.jpg-meanshift-1.5,1,1,0.8369663398268878,0.5410341051213459,0.3867069321315521,0.0922424465685964,0.9245367291639786,0.461522910950474
RGB_Texture | Sampled Mean Shift | Post Processed Img08-epanechnikov-1.5,1,1,0.5594109222345041,0.5300905984636477,0.3855529646684088,0.1525357796821442,0.6453105271464646,0.5192751802349199
HSV_Texture | Sampled Mean Shift | Post Processed Img08-epanechnikov-1.5,1,1,0.5634023561615483,0.5273220041991025,0.3822274915416714,0.151448824644867,0.6433771306818182,0.5123602289912997
hsv | Quarter Resize Mean Shift | Post Processed Img06.jpg-meanshift-1.5,1,1,0.3851421692102533,0.4918053746637146,0.3809087970573725,0.2780323887243353,0.782723049058981,0.7417297697265993
texture_glcm | Sampled Mean Shift | Post Processed Img05.jpg-meanshift-1.5,1,1,0.8427758635358176,0.5321569340429807,0.3797976242155069,0.0541365816379889,0.9232563448501752,0.4570013226046576
lab | Quarter Resize Mean Shift | Post Processed Img06.jpg-meanshift-1.5,1,1,0.3864982506162844,0.485742482519749,0.3781196411438496,0.2453433522905236,0.7771871800929206,0.6893677493493474
HSV_only | KMeans | Postprocessed Img08-segment of 5,1,1,0.4909807874449011,0.479078487590387,0.3760004933153583,0.22457259793448,0.6651870265151515,0.5333963424952765
RGB_HSV_LAB_XY_Texture | Sampled Mean Shift | Post Processed Img08-epanechnikov-1.5,1,1,0.5422480862138345,0.5184029206324323,0.3755095808219995,0.1674495747549241,0.6245067866161617,0.4983373308392728
rgb_texture_glcm | Sampled Mean Shift | Post Processed Img05.jpg-meanshift-1.5,1,1,0.8365586896788597,0.5348695440136552,0.374883458817972,0.0138781139556934,0.923802245139006,0.4508636780645627
lab | Sampled Mean Shift | Post Processed Img09-meanshift-1.5,1,1,0.4488000218764589,0.6039807459790315,0.3743510019774373,0.2153220048902477,0.4890407986111111,0.3733443559452137
xy_hsv_texture_leung_malik | Sampled Mean Shift | Post Processed Img04.jpg-meanshift-1.5,1,1,0.5353681902642028,0.4964664322343779,0.3708048602866193,0.1299220483859373,0.5171964664689973,0.3733983754456351
lab | KMeans | Postprocessed Img04.jpg-segment of 10,1,1,0.4403875842488786,0.5222369659685315,0.3690558217504736,0.1266919500024152,0.6065537346480643,0.4356801103855838
hsv_texture | Half Resize PCA 95 Mean Shift | Post Processed Img01-meanshift-1.5,1,1,0.6289941142004063,0.4585713402506735,0.3684568741410593,0.1763882111325153,0.8283819405314733,0.5192733197928863
hsv | Half Resize PCA 95 Mean Shift | Post Processed Img02.jpg-meanshift-1.5,1,1,0.5942411691381807,0.5019187366432171,0.3617261391715055,0.2462690044777458,0.5892448883103089,0.3768093617616314
hsv | KMeans | Postprocessed Img06.jpg-segment of 4,1,1,0.3711394680585936,0.4751656128416084,0.3602504570002918,0.1164355318367349,0.7653201039451926,0.6840252477943234
xy_rgb_texture_leung_malik | KMeans | Postprocessed Img02.jpg-segment of 5,1,1,0.4081201674236476,0.4332016355969911,0.3589971064579874,0.1347445625176891,0.8126177939262051,0.6810231407461909
xy | KMeans | Postprocessed Img02.jpg-segment of 5,1,1,0.4061146231105403,0.4299738202204279,0.3587375245911597,0.2118096418717842,0.8128250464699063,0.6838390872420469
xy_hsv | Half Resize PCA 95 Mean Shift | Post Processed Img01-meanshift-1.5,1,1,0.46755742939517,0.3731044207505627,0.3547370401731113,0.2154876225220188,0.8677599238346901,0.5710004927693895
xy_lab_texture_glcm | Quarter Resize Mean Shift | Post Processed Img06.jpg-meanshift-0.8,1,1,0.5130038766586803,0.4639708765012723,0.3545191643250046,0.1393225845341937,0.7009213323883771,0.5808770610095895
xy_lab | KMeans | Postprocessed Img02.jpg-segment of 5,1,1,0.4212277795045061,0.4239335417366358,0.354226644263145,0.2156035659907361,0.807753835791219,0.675025451989934
xy_texture | KMeans | Postprocessed Img09-segment of 5,1,1,0.4539826541091232,0.4895399939551017,0.3536701000635916,0.2010242146037173,0.5854344223484849,0.3802402921761548
xy_hsv_texture_glcm | Sampled Mean Shift | Post Processed Img05.jpg-meanshift-0.8,1,1,0.6177408904870005,0.4482311463265164,0.3533311630389957,0.3170045367452229,0.8698077438437336,0.4123242205304829
HSV_only | Sampled Mean Shift | Post Processed Img08-epanechnikov-1.5,1,1,0.357572956598669,0.4925560986093595,0.3531130672414868,0.3520164564674223,0.6957761205808081,0.5276165943112401
HSV_only | Sampled Mean Shift | Post Processed Img08-gaussian-0.5,1,1,0.6074224758682307,0.4920348154595899,0.3524628300464631,0.3509503023907178,0.6949573863636364,0.5266749044064115
HSV_XY | Sampled Mean Shift | Post Processed Img08-epanechnikov-1.5,1,1,0.3561832705214446,0.4913057450722227,0.351471981635996,0.3366354796026559,0.6945628156565656,0.5250646152862426
lab_texture_leung_malik | KMeans | Postprocessed Img02.jpg-segment of 5,1,1,0.4013498366579744,0.4266963380464849,0.3511660357489758,0.1171428032289612,0.801646362394026,0.6663552033086595
lab_texture | Half Resize PCA 95 Mean Shift | Post Processed Img01-meanshift-1.5,1,1,0.6173259478175332,0.4288251392145222,0.347531833202993,0.1564689828390543,0.8280322018639775,0.517162038243749
rgb | Quarter Resize Mean Shift | Post Processed Img06.jpg-meanshift-0.8,1,1,0.3685554742951678,0.4569995643077981,0.3447224131791908,0.1673102157870953,0.739892904953146,0.6326650665335941
RGB_only | Sampled Mean Shift | Post Processed Img08-epanechnikov-1.5,1,1,0.3456802109022943,0.4942408916566664,0.3413470204626895,0.3371175071129264,0.6338975694444444,0.5143616663870259
RGB_only | Sampled Mean Shift | Post Processed Img08-gaussian-0.5,1,1,0.3454692914409152,0.4941910875756052,0.341185206588339,0.3359014018692405,0.6338877051767676,0.5140711477482198
RGB_XY | Sampled Mean Shift | Post Processed Img08-epanechnikov-1.5,1,1,0.3451025180601585,0.494184539297001,0.3409155828328604,0.332359671722484,0.6339468907828283,0.5135464011016162
xy_texture_glcm | KMeans | Postprocessed Img05.jpg-segment of 4,1,1,0.3394269023518155,0.4941348973607038,0.3367137932757156,0.0711877785269112,0.9167551686831892,0.4205453841480415
xy_rgb_texture | Half Resize PCA 95 Mean Shift | Post Processed Img01-meanshift-1.5,1,1,0.6253774630348525,0.4167549302512748,0.3365521035690855,0.201997883140709,0.8179415936425283,0.4827149543185851
LAB_Texture | Sampled Mean Shift | Post Processed Img08-gaussian-0.5,1,1,0.4373092232936041,0.4793641604634006,0.3356100531687909,0.1307203971986115,0.5899029356060606,0.4586443422404541
RGB_HSV_LAB_XY_Texture | Sampled Mean Shift | Post Processed Img08-gaussian-0.5,1,1,0.5127491223040401,0.4777672763625181,0.3352379770749795,0.1337943375239569,0.5844973169191919,0.4535548409196508
rgb_texture_glcm | KMeans | Postprocessed Img05.jpg-segment of 4,1,1,0.3347875382036873,0.4979105571847507,0.3338494813940913,0.0576000357071124,0.9176186836855216,0.4169679448965667
xy_hsv_texture_leung_malik | KMeans | Postprocessed Img02.jpg-segment of 5,1,1,0.3901932365915673,0.4145830728954542,0.3337705802685713,0.1321322411502173,0.7781620585358903,0.6332588536999679
hsv_texture | KMeans | Postprocessed Img09-segment of 5,1,1,0.4113345506039854,0.4912257082925938,0.3334561280583304,0.184973780954361,0.5325422190656566,0.3540967875853038
Texture_only | Sampled Mean Shift | Post Processed Img08-gaussian-0.5,1,1,0.4314982593827367,0.479713379333697,0.3332454613592491,0.1275628966253721,0.5868055555555556,0.4559255701273637
xy_rgb_texture_glcm | KMeans | Postprocessed Img05.jpg-segment of 4,1,1,0.3341618269514716,0.4977639296187683,0.3331615879091221,0.0543549672819012,0.9176980873638972,0.4161087866569385
xy_hsv_texture_glcm | KMeans | Postprocessed Img05.jpg-segment of 4,1,1,0.3330809067813172,0.499816715542522,0.3329995603966199,0.0173453996983408,0.918243987652728,0.4159064191749744
xy_lab_texture_glcm | KMeans | Postprocessed Img05.jpg-segment of 4,1,1,0.3329590392032417,0.5,0.3329590392032417,0.0,0.9184325713888696,0.4158558094251641
hsv_texture_glcm | KMeans | Postprocessed Img05.jpg-segment of 4,1,1,0.3344462580996191,0.4957111436950147,0.3325218845283761,0.0686763372620126,0.9171521870750664,0.4153098164057366
HSV_Texture | Sampled Mean Shift | Post Processed Img08-gaussian-0.5,1,1,0.435311441906631,0.4749027509511863,0.3323424147159197,0.1275870496041038,0.5852864583333334,0.4544716716665088
xy_rgb | Quarter Resize Mean Shift | Post Processed Img06.jpg-meanshift-1.5,1,1,0.3563432706783362,0.4470054012838047,0.329371805750196,0.1582285044322702,0.7221985983148279,0.6085172616215712
RGB_Texture | Sampled Mean Shift | Post Processed Img08-gaussian-0.5,1,1,0.43072583236402,0.4717944984229062,0.3292863611843334,0.1276919656839088,0.5818043718434344,0.4512835385670163
xy_lab | Sampled Mean Shift | Post Processed Img04.jpg-meanshift-1.5,1,1,0.3339713396235416,0.4783577644065399,0.3289072615090173,0.1353125498079523,0.5516928310386834,0.3597563178789011
lab_texture_glcm | KMeans | Postprocessed Img05.jpg-segment of 4,1,1,0.3297324853133951,0.4979105571847507,0.3288225041154256,0.045263668783895,0.9171124852358784,0.4106894017154477
xy_texture_leung_malik | KMeans | Postprocessed Img02.jpg-segment of 5,1,1,0.3881727382095033,0.4087526508889928,0.322044857202257,0.1299299227496557,0.7635507542049598,0.6099804045654448
xy_hsv_texture | Half Resize PCA 95 Mean Shift | Post Processed Img01-meanshift-0.8,1,1,0.6580638934051803,0.3717481648702581,0.3197828125940976,0.1560138537265668,0.8005064734036696,0.4468173301375408
xy_lab_texture_glcm | KMeans | Postprocessed Img06.jpg-segment of 4,1,1,0.3504213948554417,0.4320881073950451,0.3179294873055591,0.096566081170348,0.717284825576817,0.6019134441149616
rgb | Sampled Mean Shift | Post Processed Img05.jpg-meanshift-0.8,1,1,0.3170743048451594,0.4999266862170088,0.3170448205318951,0.0306502225789972,0.9147502258042104,0.3959794297275935
hsv_texture_glcm | KMeans | Postprocessed Img06.jpg-segment of 4,1,1,0.3442996773773825,0.438844610049998,0.3168162395313005,0.0888267325903113,0.7105441373336483,0.5999311661739128
xy_lab_texture | Half Resize PCA 95 Mean Shift | Post Processed Img01-meanshift-0.8,1,1,0.6530225466890431,0.3857534999997691,0.3162173779176916,0.1196994121074992,0.7996450800189118,0.4546779560092892
texture_glcm | KMeans | Postprocessed Img05.jpg-segment of 4,1,1,0.3370600076165606,0.4542155425219941,0.3156138563423332,0.0818720182136781,0.9059661938839316,0.3941921985632656
XY_only | KMeans | Postprocessed Img08-segment of 5,1,1,0.4395920097371793,0.4846717396190815,0.3154950222709068,0.0925814019305358,0.5372277462121212,0.3761755318097722
HSV_Texture | Sampled Mean Shift | Post Processed Img08-epanechnikov-0.5,1,1,0.4174356226734338,0.4643708607917219,0.3154667983282732,0.1228795358931043,0.5640881470959596,0.4293307113945678
rgb | Half Resize PCA 95 Mean Shift | Post Processed Img02.jpg-meanshift-1.5,1,1,0.3495182450838993,0.4550326214830986,0.3143579126977557,0.3236852853590063,0.5345690766251514,0.2939541919446762
lab | KMeans | Postprocessed Img05.jpg-segment of 4,1,1,0.3129301642653941,0.5,0.3129301642653941,0.0,0.9160901628767952,0.3908403480065907
xy_texture | Sampled Mean Shift | Post Processed Img09-meanshift-1.5,1,1,0.6953948083146081,0.3198965771767963,0.3123532816590844,0.1978766802286033,0.4885081281565656,0.3378237019526982
xy_hsv_texture_glcm | KMeans | Postprocessed Img06.jpg-segment of 4,1,1,0.3568534521169609,0.4436659420514505,0.3123270804334464,0.1071880733807875,0.6872509646428853,0.6078695746565275
LAB_Texture | Sampled Mean Shift | Post Processed Img08-epanechnikov-0.5,1,1,0.4128040274938529,0.4549020735610106,0.3112192581626087,0.1254363588422943,0.5622238005050505,0.4253359318522196
RGB_Texture | Sampled Mean Shift | Post Processed Img08-epanechnikov-0.5,1,1,0.4100506546817192,0.4546678955424375,0.3099054459482719,0.1242245729592945,0.5610598169191919,0.4239231347493575
Texture_only | Sampled Mean Shift | Post Processed Img08-epanechnikov-0.5,1,1,0.4103466293434963,0.4527881830825683,0.3093007086954173,0.1276923979365328,0.5590573705808081,0.423226280991627
xy_rgb | KMeans | Postprocessed Img05.jpg-segment of 4,1,1,0.3052683407188577,0.5,0.3052683407188577,0.0,0.9101348869986402,0.3812709612128211
rgb_texture_leung_malik | KMeans | Postprocessed Img02.jpg-segment of 5,1,1,0.3747558325161545,0.3954253031366679,0.3050897931785119,0.1240131250098344,0.7385768226889722,0.5776774074704009
xy_rgb | Sampled Mean Shift | Post Processed Img05.jpg-meanshift-1.5,1,1,0.3049543909855124,0.5,0.3049543909855124,0.0,0.9100852596996556,0.3808788474537486
hsv_texture_leung_malik | KMeans | Postprocessed Img02.jpg-segment of 5,1,1,0.3730105532655739,0.3939769930576202,0.303566757268445,0.1245448656516814,0.7361027454485398,0.5748535622922285
xy_lab | KMeans | Postprocessed Img05.jpg-segment of 4,1,1,0.3022647697557948,0.5,0.3022647697557948,0.0,0.90910263917976,0.3775195915638716
xy_lab_texture_leung_malik | KMeans | Postprocessed Img02.jpg-segment of 5,1,1,0.3718930080142716,0.3927754397294417,0.3022314036360388,0.1326194957833238,0.7340172667275471,0.5724409691723228
RGB_HSV_LAB_XY_Texture | Sampled Mean Shift | Post Processed Img08-epanechnikov-0.5,1,1,0.4025847876200727,0.4458643599969436,0.3000578048092366,0.1205846328870123,0.5506234217171717,0.4061661243575026
xy_lab_texture_leung_malik | Sampled Mean Shift | Post Processed Img04.jpg-meanshift-1.5,1,1,0.3627148326547084,0.4648794610425187,0.2998213034059253,0.0972274276921318,0.493728978478559,0.3192450077503221
xy_lab | KMeans | Postprocessed Img04.jpg-segment of 5,1,1,0.3057348493613304,0.4788119431096341,0.2997615672918655,0.1223709640252945,0.5710537001708538,0.3622285312010085
xy_hsv | KMeans | Postprocessed Img06.jpg-segment of 4,1,1,0.3701822692346044,0.3486971911473028,0.2978449157205633,0.1677385903517707,0.740648869989763,0.611645751073853
hsv | Sampled Mean Shift | Post Processed Img09-meanshift-1.5,1,1,0.4192409416440901,0.317421411726236,0.2974139666633745,0.1774393833441284,0.4719953440656566,0.3199579374732418
xy_texture | Half Resize PCA 95 Mean Shift | Post Processed Img01-meanshift-1.5,1,1,0.6467743544882456,0.3831377601935024,0.2970289077297594,0.1273071233920815,0.7971450962105168,0.4436264677467175
xy_hsv_texture_glcm | Quarter Resize Mean Shift | Post Processed Img06.jpg-meanshift-0.8,1,1,0.7577475925506532,0.4003356525810312,0.2950229354332523,0.1283144257799163,0.6670918969997638,0.5226693847070233
xy_lab_texture | KMeans | Postprocessed Img01-segment of 5,1,1,0.4451599501454092,0.3180862380328031,0.2949691450069968,0.1148189359763778,0.8285762397911931,0.4747954345804098
xy_hsv | KMeans | Postprocessed Img05.jpg-segment of 4,1,1,0.294269934414912,0.5,0.294269934414912,0.0,0.9028893013468848,0.3675342830710923
xy_rgb_texture_glcm | KMeans | Postprocessed Img06.jpg-segment of 4,1,1,0.3384396394687225,0.4052016808129058,0.2911925596544169,0.0859618224936628,0.6826049295220096,0.5508419530979602
xy_texture_glcm | Quarter Resize Mean Shift | Post Processed Img06.jpg-meanshift-1.5,1,1,0.2974815440598268,0.4775030050976569,0.2889738900564281,0.1535704192776083,0.5872194660996929,0.3936088428665361
rgb_texture | KMeans | Postprocessed Img09-segment of 5,1,1,0.3733092697895216,0.4421185904692568,0.2863790904535376,0.1792295976955796,0.5297111742424242,0.3005135644200673
lab | Half Resize PCA 95 Mean Shift | Post Processed Img02.jpg-meanshift-1.5,1,1,0.4200236100473913,0.4437539655194612,0.2860721769981732,0.2760270834301348,0.5283968368080517,0.2896736401998738
hsv | KMeans | Postprocessed Img04.jpg-segment of 10,1,1,0.3548608166982323,0.4422635038279174,0.2859758641018871,0.1042617714183337,0.4735636410998996,0.2867724794164709
rgb_texture | Half Resize PCA 95 Mean Shift | Post Processed Img01-meanshift-1.5,1,1,0.5727968982905657,0.3458968599249007,0.2839359251234021,0.1194857941060678,0.8034468688674297,0.4418321743964371
xy_texture_glcm | KMeans | Postprocessed Img06.jpg-segment of 4,1,1,0.4061768077344753,0.4118442223162055,0.2819741653265962,0.0727327429211274,0.5745964249153477,0.4358917552964871
xy | Half Resize PCA 95 Mean Shift | Post Processed Img07.png-meanshift-0.8,1,1,0.9963495575221238,0.28146875,0.2811787843786095,0.0434728911942694,0.8149630343940855,0.2811787843786095
texture | Half Resize PCA 95 Mean Shift | Post Processed Img01-meanshift-1.5,1,1,0.5647068643650597,0.3467732546034549,0.2782189377722801,0.1565175774978468,0.7963614225296468,0.4317462170275157
xy_texture_dinov2_dinov2_vits14_pca64_max518 | KMeans | Postprocessed Img02.jpg-segment of 5,1,1,0.3552339454110762,0.3703690923244291,0.277714695938731,0.1628632753946722,0.6943866943866944,0.5287018969394277
texture | Sampled Mean Shift | Post Processed Img09-meanshift-1.5,1,1,0.4644047489006537,0.432347594926471,0.2740488096079438,0.166889333589937,0.5071022727272727,0.3049810263634204
XY_only | Sampled Mean Shift | Post Processed Img08-gaussian-0.5,1,1,0.3619786170948641,0.4574239563947372,0.2723553686510016,0.0718983662918028,0.4916153724747474,0.3188940475336893
lab | Sampled Mean Shift | Post Processed Img05.jpg-meanshift-1.5,1,1,0.2697464699600522,0.5,0.2697464699600522,0.0,0.8822939722682653,0.3369052147472861
xy_rgb_texture_leung_malik | Sampled Mean Shift | Post Processed Img04.jpg-meanshift-1.5,1,1,0.4007765370367315,0.3997477284056418,0.2688086469358552,0.1133171650872709,0.4456332697420338,0.2913496003784001
xy | Quarter Resize Mean Shift | Post Processed Img06.jpg-meanshift-0.8,1,1,0.3371076513886944,0.3612595543707658,0.2680916575553621,0.1435009245373018,0.6968107725017718,0.4928277543553666
xy_rgb_texture | Half Resize PCA 95 Mean Shift | Post Processed Img01-meanshift-0.8,1,1,0.627293300878023,0.317876849995678,0.2660092668512332,0.1040095778903004,0.786892571939301,0.4105322502611214
texture | KMeans | Postprocessed Img09-segment of 5,1,1,0.2844742884951143,0.430097084725793,0.2644082602994904,0.1433907822151245,0.5317629419191919,0.2794339536643727
texture_glcm | KMeans | Postprocessed Img06.jpg-segment of 4,1,1,0.3055265001656131,0.3803207357943882,0.2603555380627567,0.0604608815817901,0.6382628553429404,0.5019922030786709
hsv_texture | Half Resize PCA 95 Mean Shift | Post Processed Img01-meanshift-0.8,1,1,0.6666723222991943,0.3082624847259106,0.2585068483225791,0.0842721504482341,0.7871840208288806,0.4072428131890187
lab | Sampled Mean Shift | Post Processed Img04.jpg-meanshift-0.8,1,1,0.2774677012919869,0.4351500456650133,0.2584989052837174,0.0828713681262195,0.5007738218370991,0.2987512815804196
xy_hsv | Sampled Mean Shift | Post Processed Img04.jpg-meanshift-1.5,1,1,0.353094765285503,0.3897101792815197,0.2553162820267239,0.1050537767564859,0.4204419212234047,0.2494072489818442
texture_leung_malik | KMeans | Postprocessed Img02.jpg-segment of 5,1,1,0.3649875185474077,0.358279099544416,0.2512274259741932,0.099925578254894,0.6618804282355685,0.4737425440781381
xy_rgb_texture | Sampled Mean Shift | Post Processed Img09-meanshift-1.5,1,1,0.2575676076561706,0.4706101871434947,0.2500686257202066,0.1421443979040045,0.4040995896464646,0.282850251637282
xy_rgb | KMeans | Postprocessed Img06.jpg-segment of 4,1,1,0.3260873280635124,0.3595493427039027,0.2490764601641044,0.1031943285430026,0.6156469013308135,0.4647450400442733
lab | KMeans | Postprocessed Img04.jpg-segment of 5,1,1,0.2651927833550113,0.4301332784350363,0.2456179862618809,0.0702534518302977,0.4902046413987021,0.2813774704824126
rgb | KMeans | Postprocessed Img09-segment of 5,1,1,0.2594859753313614,0.4500323325457603,0.2434127511063264,0.117546177048654,0.5138395675505051,0.2570961905298093
hsv | Sampled Mean Shift | Post Processed Img04.jpg-meanshift-0.8,1,1,0.2972248271300429,0.3720732127551748,0.2425233189688131,0.1156098520532976,0.3941626251714283,0.2250926805813606
xy_rgb | KMeans | Postprocessed Img04.jpg-segment of 5,1,1,0.2574317913720633,0.425947382161919,0.2401131692284691,0.0870826939610477,0.4964718321189693,0.2906346076484101
lab_texture_glcm | KMeans | Postprocessed Img06.jpg-segment of 4,1,1,0.3136306948710975,0.3518533800425293,0.2399840250675923,0.0737647849108016,0.6304827151744232,0.4747502677833475
xy_hsv | KMeans | Postprocessed Img04.jpg-segment of 5,1,1,0.2646940483242981,0.4065452476141151,0.239773612938607,0.081441118363162,0.51598593329809,0.3134404285416142
rgb | Sampled Mean Shift | Post Processed Img09-meanshift-0.8,1,1,0.2599891110345756,0.423017949067045,0.2393382049491396,0.1158584496859415,0.4916646938131313,0.2534250046646104
lab_texture | Half Resize PCA 95 Mean Shift | Post Processed Img01-meanshift-0.8,1,1,0.3598698019651385,0.2926551715607451,0.2383350793778709,0.0673072970953473,0.7751309900842611,0.3836347275790098
rgb_texture | Half Resize PCA 95 Mean Shift | Post Processed Img01-meanshift-0.8,1,1,0.3794867465811244,0.2780224129827078,0.236296545488951,0.065937242175852,0.7819638473844082,0.3803534129056611
xy | KMeans | Postprocessed Img04.jpg-segment of 5,1,1,0.2521704557529037,0.4063213837368836,0.2291360120162379,0.0987770907585338,0.5102857011515388,0.2985478418881677
rgb | KMeans | Postprocessed Img06.jpg-segment of 4,1,1,0.2859832489571391,0.3731504391277295,0.2289550857573757,0.0599244085332952,0.56644617686432,0.4244668136113839
xy_rgb | KMeans | Postprocessed Img01-segment of 5,1,1,0.4560497119184801,0.2369319446849566,0.226584494546831,0.112717267420983,0.7978316202615268,0.3647204644234679
rgb_texture_glcm | Quarter Resize Mean Shift | Post Processed Img06.jpg-meanshift-1.5,1,1,0.5183947768988056,0.3356449032709386,0.2250111315554669,0.1201878958540147,0.6153004173556973,0.4523643281951202
lab_texture | KMeans | Postprocessed Img01-segment of 5,1,1,0.4304925826473566,0.2419290997699329,0.2243982469424749,0.0712184906299564,0.7848329997862709,0.3612013831941888
rgb | KMeans | Postprocessed Img04.jpg-segment of 10,1,1,0.2883049913040553,0.4095235777589083,0.2235328627638098,0.0629670280157856,0.4282529248166962,0.2411026656814812
xy_rgb_texture | KMeans | Postprocessed Img01-segment of 5,1,1,0.4447777157738095,0.2366103455953294,0.2234800691621103,0.1117192715408709,0.7861218515424123,0.359723443465137
hsv_texture_leung_malik | Sampled Mean Shift | Post Processed Img04.jpg-meanshift-1.5,1,1,0.3222693731201097,0.3622549871336128,0.2231672158701378,0.0697921484046207,0.3720818872058902,0.2142115267876932
xy_texture | Half Resize PCA 95 Mean Shift | Post Processed Img01-meanshift-0.8,1,1,0.6160116635184947,0.2564090748697312,0.2216262244311211,0.1018915196520955,0.7635831374149131,0.3421937662013554
rgb_texture_glcm | KMeans | Postprocessed Img06.jpg-segment of 4,1,1,0.3159177547775841,0.3286565082623258,0.2172565389169416,0.0600547502693744,0.6055673675092527,0.4366694547982109
rgb_texture | KMeans | Postprocessed Img01-segment of 5,1,1,0.3463437948064362,0.2689063157113524,0.2171047375569225,0.0737532995344772,0.7618733039293787,0.3494614266022969
texture | Half Resize PCA 95 Mean Shift | Post Processed Img01-meanshift-0.8,1,1,0.3628232346082901,0.2578977314894985,0.2158117004098869,0.0637531464282614,0.7624756316345102,0.3473800965901669
xy_rgb | Half Resize PCA 95 Mean Shift | Post Processed Img01-meanshift-1.5,1,1,0.4646087092895603,0.2198624545432056,0.2127366732891303,0.1114251763472332,0.78864774191877,0.3424303963830095
rgb | Sampled Mean Shift | Post Processed Img09-meanshift-1.5,1,1,0.2167920921720058,0.4799263652851395,0.2112773165711393,0.15263122678053,0.4109848484848485,0.2356211409684777
texture | Sampled Mean Shift | Post Processed Img09-meanshift-0.8,1,1,0.3221717510023477,0.4724174886868494,0.2107949610814227,0.131188532640141,0.403152619949495,0.2289855444344294
hsv_texture | KMeans | Postprocessed Img01-segment of 5,1,1,0.4487101975010076,0.2203201147861366,0.2097552933418121,0.0994644444346662,0.7814586693091365,0.3376314348248346
xy_rgb | Sampled Mean Shift | Post Processed Img04.jpg-meanshift-1.5,1,1,0.2097754703017612,0.3847097634976818,0.2079496850306033,0.0577395689768275,0.4276591506347637,0.2264482750546639
texture_dinov2_dinov2_vits14_pca64_max518 | KMeans | Postprocessed Img02.jpg-segment of 5,1,1,0.2897267776276293,0.3022320537243181,0.2078799089854709,0.1311119084649614,0.5773796801834185,0.3986886153098042
xy_lab_texture | Sampled Mean Shift | Post Processed Img09-meanshift-1.5,1,1,0.2135329736443737,0.2401243998254037,0.2062865606719664,0.1004722018040006,0.4152659406565656,0.2395744410505912
hsv_texture | Sampled Mean Shift | Post Processed Img09-meanshift-1.5,1,1,0.2440255895104155,0.2014622435617634,0.1975644208543789,0.1048236177747515,0.4036556976010101,0.2294448341350613
xy | KMeans | Postprocessed Img06.jpg-segment of 4,1,1,0.2844082415487889,0.2653618860270869,0.1895049855722322,0.1154726494146068,0.5499803134105048,0.3500884108803774
texture_glcm | Quarter Resize Mean Shift | Post Processed Img06.jpg-meanshift-1.5,1,1,0.3799480859836946,0.3071279373368146,0.1892214375179327,0.0872609939395943,0.5368847940782738,0.3315641746849567
lab_texture_leung_malik | Sampled Mean Shift | Post Processed Img04.jpg-meanshift-1.5,1,1,0.2726554719354822,0.3128903203205377,0.184228745391479,0.0526811144045724,0.3705763823446035,0.2109760478159703
xy | Half Resize PCA 95 Mean Shift | Post Processed Img01-meanshift-0.8,1,1,0.2967154292023185,0.2393439378571605,0.1802347242921013,0.0401315789473684,0.7190108872351862,0.2901138159542712
lab_texture | Sampled Mean Shift | Post Processed Img09-meanshift-1.5,1,1,0.196804279521139,0.2159864687909209,0.1750973106864826,0.080418071498534,0.4148023200757575,0.2033522697771968
xy_hsv_texture | KMeans | Postprocessed Img01-segment of 5,1,1,0.4744422857908488,0.1751972886722905,0.1719516340504054,0.1104515440538918,0.7623396221527062,0.2767809860717373
texture | KMeans | Postprocessed Img01-segment of 5,1,1,0.4656742794997281,0.1694827202335304,0.1653512900345135,0.0917326518542058,0.7569057195225419,0.2661567792404388
xy | Sampled Mean Shift | Post Processed Img04.jpg-meanshift-0.8,1,1,0.1785027494015268,0.3470466928968956,0.1642743245225628,0.0799295769070002,0.4410669547429149,0.2174430230801338
xy_texture | KMeans | Postprocessed Img01-segment of 5,1,1,0.4706675411747558,0.1597729015659401,0.1566532453672261,0.0958656968783263,0.7531492671679587,0.2521560202874759
hsv | KMeans | Postprocessed Img04.jpg-segment of 5,1,1,0.1710450927399145,0.3045789797668793,0.1483892234863285,0.0502149550959601,0.3904888868457949,0.1916097723064368
rgb | KMeans | Postprocessed Img04.jpg-segment of 5,1,1,0.1825782535101425,0.2916549188161387,0.1439205468251626,0.0352740607514917,0.3625815002949717,0.1853954528578349
xy_hsv_texture_leung_malik | KMeans | Postprocessed Img04.jpg-segment of 10,1,1,0.1593089259389108,0.2970751078805121,0.1381278037775411,0.0340969154504759,0.3809501919231388,0.1776033882610589
xy_texture_leung_malik | Sampled Mean Shift | Post Processed Img04.jpg-meanshift-0.8,1,1,0.3065106150577549,0.2851498393648131,0.1338687768106219,0.0342364628364696,0.3263574443959209,0.1716263972246729
rgb | Quarter Resize Mean Shift | Post Processed Img06.jpg-meanshift-1.5,1,1,0.1299137727380108,0.25,0.1299137727380108,0.0600832644384079,0.5196550909520434,0.3066161111837798
xy | Quarter Resize Mean Shift | Post Processed Img06.jpg-meanshift-1.5,1,1,0.1299137727380108,0.25,0.1299137727380108,0.0600832644384079,0.5196550909520434,0.3066161111837798
xy | Half Resize PCA 95 Mean Shift | Post Processed Img02.jpg-meanshift-1.5,1,1,0.1250510035556764,0.25,0.1250510035556764,0.1432131238777984,0.5002040142227058,0.2521671579217097
rgb_texture_leung_malik | Sampled Mean Shift | Post Processed Img04.jpg-meanshift-0.8,1,1,0.2864662615486747,0.2445368506613688,0.123016695007117,0.0381478295529002,0.3104711119283487,0.1502203090614614
lab_texture_leung_malik | Sampled Mean Shift | Post Processed Img04.jpg-meanshift-0.8,1,1,0.2381201528604963,0.227508760649813,0.1167522435843062,0.0344716269327663,0.2876548601374491,0.1371787950731104
xy_lab_texture_leung_malik | Sampled Mean Shift | Post Processed Img04.jpg-meanshift-0.8,1,1,0.1931485453111054,0.2527144834995273,0.1160026104303064,0.0327811040675918,0.3124363129304863,0.1558378184221102
xy_texture_leung_malik | KMeans | Postprocessed Img04.jpg-segment of 10,1,1,0.1343885795485531,0.2684902934325254,0.1151175159546562,0.0228784702777323,0.3318967828931742,0.1422572320155266
hsv | Sampled Mean Shift | Post Processed Img05.jpg-meanshift-1.5,1,1,0.4560778727445394,0.1171055840039014,0.1145224752593299,0.1170520491655552,0.8021855862472829,0.0860098289604453
xy_rgb_texture_leung_malik | KMeans | Postprocessed Img04.jpg-segment of 10,1,1,0.141914070261211,0.259310825441537,0.113761012924047,0.0286912820037328,0.332785528765486,0.1467228729056446
hsv_texture_leung_malik | KMeans | Postprocessed Img04.jpg-segment of 10,1,1,0.1342031916112764,0.2639614102925633,0.1136551454258741,0.0264777630677921,0.3267366937121229,0.1419545124143945
xy_lab_texture_leung_malik | KMeans | Postprocessed Img04.jpg-segment of 10,1,1,0.1356461951714321,0.255165223656597,0.1126920310345468,0.031804125045459,0.3204082101730756,0.1394524376231977
rgb_texture_leung_malik | KMeans | Postprocessed Img04.jpg-segment of 10,1,1,0.1323420856276667,0.2542537893079677,0.1111117172073786,0.031584463396814,0.3180407750476934,0.1386596005901681
xy_hsv_texture_leung_malik | KMeans | Postprocessed Img04.jpg-segment of 5,1,1,0.1326108623078551,0.2579694731322204,0.110706007733489,0.0329580902889169,0.3205193034071145,0.139252364127785
lab_texture_leung_malik | KMeans | Postprocessed Img04.jpg-segment of 10,1,1,0.1336096287768925,0.2458193757026308,0.1004789865663672,0.0359715774806398,0.3155737390917936,0.1277626429562023
HSV_XY | Sampled Mean Shift | Post Processed Img08-gaussian-1.5,1,1,0.0997696693497474,0.25,0.0997696693497474,0.1463638449185593,0.3990786773989899,0.1698903146370383
HSV_only | Sampled Mean Shift | Post Processed Img08-gaussian-1.5,1,1,0.0997696693497474,0.25,0.0997696693497474,0.1463638449185593,0.3990786773989899,0.1698903146370383
LAB_XY | Sampled Mean Shift | Post Processed Img08-gaussian-1.5,1,1,0.0997696693497474,0.25,0.0997696693497474,0.1463638449185593,0.3990786773989899,0.1698903146370383
LAB_only | Sampled Mean Shift | Post Processed Img08-gaussian-1.5,1,1,0.0997696693497474,0.25,0.0997696693497474,0.1463638449185593,0.3990786773989899,0.1698903146370383
RGB_XY | Sampled Mean Shift | Post Processed Img08-gaussian-1.5,1,1,0.0997696693497474,0.25,0.0997696693497474,0.1463638449185593,0.3990786773989899,0.1698903146370383
RGB_only | Sampled Mean Shift | Post Processed Img08-gaussian-1.5,1,1,0.0997696693497474,0.25,0.0997696693497474,0.1463638449185593,0.3990786773989899,0.1698903146370383
XY_only | Sampled Mean Shift | Post Processed Img08-epanechnikov-1.5,1,1,0.0997696693497474,0.25,0.0997696693497474,0.1463638449185593,0.3990786773989899,0.1698903146370383
XY_only | Sampled Mean Shift | Post Processed Img08-gaussian-1.5,1,1,0.0997696693497474,0.25,0.0997696693497474,0.1463638449185593,0.3990786773989899,0.1698903146370383
texture_leung_malik | Sampled Mean Shift | Post Processed Img04.jpg-meanshift-1.5,1,1,0.13854772843239,0.2320392210598977,0.0954918805889233,0.0351516471594633,0.2898537400111859,0.1103305763034612
texture_leung_malik | Sampled Mean Shift | Post Processed Img04.jpg-meanshift-0.8,1,1,0.1986095486145444,0.2147410474728164,0.0946970331633981,0.0294088822784535,0.2867852682710062,0.1290112616217196
rgb_texture_leung_malik | Sampled Mean Shift | Post Processed Img04.jpg-meanshift-1.5,1,1,0.1382226792832948,0.2320317307966366,0.0943318086461966,0.0325257438862737,0.2929222117513657,0.1109138740355203
lab_texture_leung_malik | KMeans | Postprocessed Img04.jpg-segment of 5,1,1,0.1196212756019512,0.2294499595206122,0.0911095941099516,0.0323200614910438,0.2917729713992384,0.1214545850186333
texture_leung_malik | KMeans | Postprocessed Img04.jpg-segment of 10,1,1,0.0963946761930805,0.2377206753056521,0.0887684160814945,0.0232547480971622,0.3047364025712337,0.1129954253535251
hsv_texture_leung_malik | KMeans | Postprocessed Img04.jpg-segment of 5,1,1,0.1169418720916031,0.233150920143752,0.0882710500104949,0.0333437525718592,0.2929758429677983,0.1147349059166076
rgb_texture_leung_malik | KMeans | Postprocessed Img04.jpg-segment of 5,1,1,0.1124999500666126,0.2262167915939645,0.0880668774244402,0.0285672220180262,0.2805793703695191,0.1122880770915296
texture_leung_malik | KMeans | Postprocessed Img04.jpg-segment of 5,1,1,0.1120681262466886,0.2242220728093767,0.0873994553220712,0.024602968111742,0.2885819140214984,0.1149724458392019
xy_rgb_texture_leung_malik | KMeans | Postprocessed Img04.jpg-segment of 5,1,1,0.1251237558772288,0.232348597645052,0.0867090527377139,0.0363979173675604,0.2920832662943128,0.1136440867556046
xy_hsv_texture_leung_malik | Sampled Mean Shift | Post Processed Img04.jpg-meanshift-0.8,1,1,0.2112323171842484,0.2066204155917095,0.0852661193138976,0.0365194086600833,0.2766681223711127,0.1056943749041751
xy_lab_texture_leung_malik | KMeans | Postprocessed Img04.jpg-segment of 5,1,1,0.118896712887931,0.2164444124623611,0.0837665179843815,0.0307790842667579,0.2709372438151715,0.107025911722274
xy_texture_leung_malik | KMeans | Postprocessed Img04.jpg-segment of 5,1,1,0.0924321680079346,0.2189576945983787,0.0754661014072359,0.0204447707232646,0.2709640594233878,0.0991425192044079
hsv_texture_leung_malik | Sampled Mean Shift | Post Processed Img04.jpg-meanshift-0.8,1,1,0.2172490035544332,0.1949230942032943,0.0729935440993439,0.0466982276529572,0.2674665379517472,0.0945354858034862
hsv | Sampled Mean Shift | Post Processed Img04.jpg-meanshift-1.5,1,1,0.0619272648318963,0.1797170942220091,0.057461306170943,0.01681370770613,0.2231365067690256,0.0653790633546584
rgb_texture | Sampled Mean Shift | Post Processed Img09-meanshift-1.5,1,1,0.0564975931186868,0.25,0.0564975931186868,0.0590397923875432,0.2259903724747475,0.0656144503452984
xy | Sampled Mean Shift | Post Processed Img09-meanshift-1.5,1,1,0.0564975931186868,0.25,0.0564975931186868,0.0590397923875432,0.2259903724747475,0.0656144503452984
xy_hsv_texture | Sampled Mean Shift | Post Processed Img09-meanshift-1.5,1,1,0.0564975931186868,0.25,0.0564975931186868,0.0590397923875432,0.2259903724747475,0.0656144503452984
xy_texture | Sampled Mean Shift | Post Processed Img09-meanshift-1.0,1,1,0.0564975931186868,0.25,0.0564975931186868,0.0590397923875432,0.2259903724747475,0.0656144503452984
lab | Sampled Mean Shift | Post Processed Img04.jpg-meanshift-1.5,1,1,0.0535344580593023,0.1978715039382698,0.0533939808514941,0.0154478389484621,0.2398387998866082,0.0626817722915967
rgb | Sampled Mean Shift | Post Processed Img04.jpg-meanshift-1.5,1,1,0.052330923152461,0.1803367432657555,0.0508436056430716,0.0206534933316879,0.2593452394633814,0.0744397081087978
rgb | Sampled Mean Shift | Post Processed Img04.jpg-meanshift-0.8,1,1,0.0519868143419587,0.1782935487430464,0.0502779689696191,0.0213388770757694,0.2565334314018433,0.0736067612823272
xy_rgb_texture_leung_malik | Sampled Mean Shift | Post Processed Img04.jpg-meanshift-0.8,1,1,0.094862144175533,0.1282373327121834,0.0400873397989154,0.0160805733351669,0.1799212387278675,0.0570626828574153
texture_glcm | KMeans | Postprocessed Img07.png-segment of 4,1,1,0.5318181818181819,0.01828125,0.0179916961402429,0.0,0.7434104789456766,0.0179916961402429
xy_texture_glcm | KMeans | Postprocessed Img07.png-segment of 4,1,1,0.5318181818181819,0.01828125,0.0179916961402429,0.0,0.7434104789456766,0.0179916961402429
xy | Sampled Mean Shift | Post Processed Img04.jpg-meanshift-1.5,1,1,0.0146712023352563,0.1,0.0146712023352563,0.0099741545030301,0.1467120233525639,0.0219515206117934
rgb | Half Resize PCA 95 Mean Shift | Post Processed Img01-meanshift-1.5,1,1,0.0,0.0,0.0,0.0,0.6747041793770766,0.0
rgb | Half Resize PCA 95 Mean Shift | Post Processed Img07.png-meanshift-1.5,1,1,0.0,0.0,0.0,0.0,0.7428479588556735,0.0
rgb | Sampled Mean Shift | Post Processed Img05.jpg-meanshift-1.5,1,1,0.0,0.0,0.0,0.0,0.7832081071155621,0.0
xy | Half Resize PCA 95 Mean Shift | Post Processed Img01-meanshift-1.5,1,1,0.0,0.0,0.0,0.0,0.6747041793770766,0.0
xy | Half Resize PCA 95 Mean Shift | Post Processed Img07.png-meanshift-1.5,1,1,0.0,0.0,0.0,0.0,0.7428479588556735,0.0
xy | KMeans | Postprocessed Img01-segment of 5,1,1,0.0,0.0,0.0,0.0,0.6747041793770766,0.0
xy | KMeans | Postprocessed Img05.jpg-segment of 4,1,1,0.0,0.0,0.0,0.0,0.7832081071155621,0.0
xy | KMeans | Postprocessed Img07.png-segment of 4,1,1,0.0,0.0,0.0,0.0,0.7428479588556735,0.0
xy | Sampled Mean Shift | Post Processed Img05.jpg-meanshift-0.8,1,1,0.0,0.0,0.0,0.0,0.7832081071155621,0.0
xy | Sampled Mean Shift | Post Processed Img05.jpg-meanshift-1.5,1,1,0.0,0.0,0.0,0.0,0.7832081071155621,0.0
